?-- Generated by Oracle SQL Developer Data Modeler 19.2.0.182.1216
--   at:        2019-12-10 13:54:26 CET
--   site:      Oracle Database 11g
--   type:      Oracle Database 11g


--DROP TABLES
DROP TABLE "ASSISTS" CASCADE CONSTRAINTS;
DROP TABLE "BLOCKS" CASCADE CONSTRAINTS;
DROP TABLE "COACHES" CASCADE CONSTRAINTS;
DROP TABLE "FOULS" CASCADE CONSTRAINTS;
DROP TABLE "INCIDENTS" CASCADE CONSTRAINTS;
DROP TABLE "MATCHES" CASCADE CONSTRAINTS;
DROP TABLE "PEOPLE" CASCADE CONSTRAINTS;
DROP TABLE "PLAYERS" CASCADE CONSTRAINTS;
DROP TABLE "REBOUNDS" CASCADE CONSTRAINTS;
DROP TABLE "REFEREES" CASCADE CONSTRAINTS;
DROP TABLE "SHOTS" CASCADE CONSTRAINTS;
DROP TABLE "STEALS" CASCADE CONSTRAINTS;
DROP TABLE "SUBSTITUTIONS" CASCADE CONSTRAINTS;
DROP TABLE "TEAMS" CASCADE CONSTRAINTS;
DROP TABLE "TIMEOUTS" CASCADE CONSTRAINTS;
DROP TABLE "TURNOVERS" CASCADE CONSTRAINTS;

CREATE TABLE assists (
    id         NUMBER(4) NOT NULL,
    shots_id   NUMBER(5) NOT NULL,
    players_id   NUMBER(3) NOT NULL
);

CREATE UNIQUE INDEX assists__idx ON
    assists (shots_id, players_id
    ASC );

ALTER TABLE assists ADD CONSTRAINT assists_pk PRIMARY KEY ( id );

CREATE TABLE blocks (
    id         NUMBER(3) NOT NULL,
    shots_id   NUMBER(5) NOT NULL,
    players_id   NUMBER(3) NOT NULL
);

CREATE UNIQUE INDEX blocks__idx ON
    blocks (
        shots_id,players_id
    ASC );

ALTER TABLE blocks ADD CONSTRAINT blocks_pk PRIMARY KEY ( id );

CREATE TABLE coaches (
    id          NUMBER(2) NOT NULL,
    people_id   NUMBER(2) NOT NULL,
    teams_id    NUMBER(2) NOT NULL
);

CREATE UNIQUE INDEX coaches__idx ON
    coaches (
        teams_id
    ASC );

CREATE UNIQUE INDEX coaches__idxv1 ON
    coaches (
        people_id
    ASC );

ALTER TABLE coaches ADD CONSTRAINT coaches_pk PRIMARY KEY ( id );

CREATE TABLE fouls (
    id             NUMBER(4) NOT NULL,
    incidents_id   NUMBER(7) NOT NULL,
    players_id     NUMBER(3),
    players_id1    NUMBER(3)
);

CREATE UNIQUE INDEX fouls__idx ON
    fouls (
        incidents_id
    ASC );

ALTER TABLE fouls ADD CONSTRAINT fouls_pk PRIMARY KEY ( id );

CREATE TABLE incidents (
    id           NUMBER(7) NOT NULL,
    time         VARCHAR2(7) NOT NULL,
    quater       NUMBER(1) NOT NULL,
    matches_id   NUMBER(2)
);

ALTER TABLE incidents ADD CONSTRAINT incidents_pk PRIMARY KEY ( id );

CREATE TABLE matches (
    id             NUMBER(2) NOT NULL,
    "date"         DATE NOT NULL,
    referees_id    NUMBER(2),
    referees_id1   NUMBER(2),
    teams_id1      NUMBER(2),
    teams_id       NUMBER(2)
);

ALTER TABLE matches ADD CONSTRAINT matches_pk PRIMARY KEY ( id );

CREATE TABLE people (
    id           NUMBER(3) NOT NULL,
    name         VARCHAR2(15 CHAR) NOT NULL,
    surname      VARCHAR2(31 CHAR) NOT NULL,
    birth_date   DATE NOT NULL
);

ALTER TABLE people ADD CONSTRAINT people_pk PRIMARY KEY ( id );

CREATE TABLE players (
    id          NUMBER(3) NOT NULL,
    jersey_nr   NUMBER(2) NOT NULL,
    people_id   NUMBER(3) NOT NULL,
    teams_id    NUMBER(2) NOT NULL
);

CREATE UNIQUE INDEX players__idx ON
    players (
        people_id
    ASC );

ALTER TABLE players ADD CONSTRAINT players_pk PRIMARY KEY ( id );

CREATE TABLE rebounds (
    id         NUMBER(4) NOT NULL,
    shots_id   NUMBER(5) NOT NULL,
    players_id   NUMBER(3) NOT NULL
);

CREATE UNIQUE INDEX rebounds__idx ON
    rebounds (shots_id ,players_id
    ASC );

ALTER TABLE rebounds ADD CONSTRAINT rebounds_pk PRIMARY KEY ( id );

CREATE TABLE referees (
    id          NUMBER(2) NOT NULL,
    people_id   NUMBER(3) NOT NULL
);

CREATE UNIQUE INDEX referees__idx ON
    referees (
        people_id
    ASC );

ALTER TABLE referees ADD CONSTRAINT referees_pk PRIMARY KEY ( id );

CREATE TABLE shots (
    id             NUMBER(5) NOT NULL,
    value          NUMBER(1) NOT NULL,
    hit            CHAR(1) NOT NULL,
    incidents_id   NUMBER(7) NOT NULL,
    players_id     NUMBER(3)
);

CREATE UNIQUE INDEX shots__idx ON
    shots (id,value,incidents_id
    ASC );

ALTER TABLE shots ADD CONSTRAINT shots_pk PRIMARY KEY ( id );

CREATE TABLE steals (
    id             NUMBER(4) NOT NULL,
    turnovers_id   NUMBER(4) NOT NULL,
    players_id     NUMBER(3)
);

CREATE UNIQUE INDEX steals__idx ON
    steals (
        turnovers_id
    ASC );

ALTER TABLE steals ADD CONSTRAINT steals_pk PRIMARY KEY ( id );

CREATE TABLE substitutions (
    id             NUMBER(4) NOT NULL,
    incidents_id   NUMBER(7) NOT NULL,
    players_id     NUMBER(3),
    players_id1    NUMBER(3)
);

CREATE UNIQUE INDEX substitutions__idx ON
    substitutions (
        incidents_id
    ASC );

ALTER TABLE substitutions ADD CONSTRAINT substitutions_pk PRIMARY KEY ( id );

CREATE TABLE teams (
    id     NUMBER(2) NOT NULL,
    name   VARCHAR2(31) NOT NULL
);

ALTER TABLE teams ADD CONSTRAINT teams_pk PRIMARY KEY ( id );

CREATE TABLE timeouts (
    id             NUMBER(4) NOT NULL,
    incidents_id   NUMBER(7) NOT NULL,
    teams_id    NUMBER(2) NOT NULL
);

CREATE UNIQUE INDEX timeouts__idx ON
    timeouts (
        incidents_id, teams_id
    ASC );

ALTER TABLE timeouts ADD CONSTRAINT timeouts_pk PRIMARY KEY ( id );

CREATE TABLE turnovers (
    id             NUMBER(4) NOT NULL,
    incidents_id   NUMBER(7) NOT NULL,
    players_id     NUMBER(3)
);

CREATE UNIQUE INDEX turnovers__idx ON
    turnovers (
        incidents_id
    ASC );

ALTER TABLE turnovers ADD CONSTRAINT turnovers_pk PRIMARY KEY ( id );

ALTER TABLE assists
    ADD CONSTRAINT assists_shots_fk FOREIGN KEY ( shots_id )
        REFERENCES shots ( id );

ALTER TABLE assists
    ADD CONSTRAINT assists_players_fk FOREIGN KEY ( players_id )
        REFERENCES players ( id );

ALTER TABLE blocks
    ADD CONSTRAINT blocks_shots_fk FOREIGN KEY ( shots_id )
        REFERENCES shots ( id );
        
ALTER TABLE blocks
    ADD CONSTRAINT blocks_players_fk FOREIGN KEY ( players_id )
        REFERENCES players ( id );

ALTER TABLE coaches
    ADD CONSTRAINT coaches_people_fk FOREIGN KEY ( people_id )
        REFERENCES people ( id );

ALTER TABLE coaches
    ADD CONSTRAINT coaches_teams_fk FOREIGN KEY ( teams_id )
        REFERENCES teams ( id );

ALTER TABLE fouls
    ADD CONSTRAINT fouls_incidents_fk FOREIGN KEY ( incidents_id )
        REFERENCES incidents ( id );

ALTER TABLE fouls
    ADD CONSTRAINT fouls_players_fk FOREIGN KEY ( players_id )
        REFERENCES players ( id );

ALTER TABLE fouls
    ADD CONSTRAINT fouls_players_fkv2 FOREIGN KEY ( players_id1 )
        REFERENCES players ( id );

ALTER TABLE incidents
    ADD CONSTRAINT incidents_matches_fk FOREIGN KEY ( matches_id )
        REFERENCES matches ( id );

ALTER TABLE matches
    ADD CONSTRAINT matches_referees_fk FOREIGN KEY ( referees_id )
        REFERENCES referees ( id );

ALTER TABLE matches
    ADD CONSTRAINT matches_referees_fkv2 FOREIGN KEY ( referees_id1 )
        REFERENCES referees ( id );

ALTER TABLE matches
    ADD CONSTRAINT matches_teams_fk FOREIGN KEY ( teams_id )
        REFERENCES teams ( id );

ALTER TABLE matches
    ADD CONSTRAINT matches_teams_fkv2 FOREIGN KEY ( teams_id1 )
        REFERENCES teams ( id );

ALTER TABLE players
    ADD CONSTRAINT players_people_fk FOREIGN KEY ( people_id )
        REFERENCES people ( id );

ALTER TABLE players
    ADD CONSTRAINT players_teams_fk FOREIGN KEY ( teams_id )
        REFERENCES teams ( id );

ALTER TABLE rebounds
    ADD CONSTRAINT rebounds_shots_fk FOREIGN KEY ( shots_id )
        REFERENCES shots ( id );

ALTER TABLE rebounds
    ADD CONSTRAINT rebounds_players_fk FOREIGN KEY ( players_id )
        REFERENCES players ( id );

ALTER TABLE referees
    ADD CONSTRAINT referees_people_fk FOREIGN KEY ( people_id )
        REFERENCES people ( id );

ALTER TABLE shots
    ADD CONSTRAINT shots_incidents_fk FOREIGN KEY ( incidents_id )
        REFERENCES incidents ( id );

ALTER TABLE shots
    ADD CONSTRAINT shots_players_fk FOREIGN KEY ( players_id )
        REFERENCES players ( id );

ALTER TABLE steals
    ADD CONSTRAINT steals_players_fk FOREIGN KEY ( players_id )
        REFERENCES players ( id );

ALTER TABLE steals
    ADD CONSTRAINT steals_turnovers_fk FOREIGN KEY ( turnovers_id )
        REFERENCES turnovers ( id );

ALTER TABLE substitutions
    ADD CONSTRAINT substitutions_incidents_fk FOREIGN KEY ( incidents_id )
        REFERENCES incidents ( id );

ALTER TABLE substitutions
    ADD CONSTRAINT substitutions_players_fk FOREIGN KEY ( players_id )
        REFERENCES players ( id );

ALTER TABLE substitutions
    ADD CONSTRAINT substitutions_players_fkv2 FOREIGN KEY ( players_id1 )
        REFERENCES players ( id );

ALTER TABLE timeouts
    ADD CONSTRAINT timeouts_incidents_fk FOREIGN KEY ( incidents_id )
        REFERENCES incidents ( id );
        
ALTER TABLE timeouts
    ADD CONSTRAINT timeouts_teams_fk FOREIGN KEY ( teams_id )
        REFERENCES teams ( id );

ALTER TABLE turnovers
    ADD CONSTRAINT turnovers_incidents_fk FOREIGN KEY ( incidents_id )
        REFERENCES incidents ( id );

ALTER TABLE turnovers
    ADD CONSTRAINT turnovers_players_fk FOREIGN KEY ( players_id )
        REFERENCES players ( id );
--WIDOKI-----------------------------------------------------------------------------------------------
        
CREATE OR REPLACE FORCE VIEW PLAYERS_STAT ("ID","imie", "nazwisko", "druzyna", "rozegrane_mecze", "liczba_pkt", "celne_2pt", "oddane_2pt", "skutecznosc_2pt", "celne_3pt", "oddane_3pt", "skutecznosc_3pt", "celne_1pt", "oddane_1pt", "skutecznosc_1pt") AS 
SELECT  p.id as "ID",
	e.name as "imie",
        e.surname as "nazwisko", 
        t.name as "druzyna",
         NVL((select count(id) from matches where teams_id1 = p.teams_id or teams_id = p.teams_id),0) as "rozegrane_mecze",
        NVL((select sum(value) from shots where players_id = p.id AND hit='1'),0)as "liczba_pkt",
        (select count(id) from shots where players_id = p.id and value=2 and hit='1') as "celne_2pt",
        (select count(id) from shots where players_id = p.id and value=2) as "oddane_2pt",
        NVL(ROUND(100*(select count(id) from shots where players_id = p.id and value=2 AND hit='1')/
             NULLIF((select count(id) from shots where players_id = p.id and value=2), 0),1),0) ||'%' as "skutecznosc_2pt",
             
        (select count(id) from shots where players_id = p.id and value=3 and hit='1') as "celne_3pt",
        (select count(id) from shots where players_id = p.id and value=3) as "oddane_3pt",
        NVL(ROUND(100*(select count(id) from shots where players_id = p.id and value=3 AND hit='1')/
             NULLIF((select count(id) from shots where players_id = p.id and value=3), 0),1),0) ||'%' as "skutecznosc_3pt",
             
        (select count(id) from shots where players_id = p.id and value=1 and hit='1') as "celne_1pt",
        (select count(id) from shots where players_id = p.id and value=1) as "oddane_1pt",
        NVL(ROUND(100*(select count(id) from shots where players_id = p.id and value=1 AND hit='1')/
             NULLIF((select count(id) from shots where players_id = p.id and value=1), 0),1),0) ||'%' as "skutecznosc_1pt"
             


FROM players p join people e on p.people_id = e.id
JOIN teams t on (t.id=p.teams_id)
ORDER BY "liczba_pkt" DESC;

CREATE OR REPLACE FORCE VIEW PLAYERS_OTHER_STAT ("ID","imie", "nazwisko", "druzyna", "sr_zbiorek_o", "sr_zbiorek_d", "sr_zbiorek", "sr_asyst", "sr_blokow", "sr_strat", "sr_przechwytow") AS 
SELECT  p.id as "ID",
	e.name as "imie",
        e.surname as "nazwisko", 
        t.name as "druzyna",          
         (select count(id) 
            from rebounds r 
            where players_id = p.id and p.teams_id=(SELECT teams_id 
                                                    FROM players  
                                                    WHERE id = (SELECT players_id 
                                                                        FROM shots 
                                                                        WHERE id = r.shots_id)))/
            NULLIF((select count(id) from matches where teams_id1 = p.teams_id or teams_id = p.teams_id),0) as "sr_zbiorek_o",
          (select count(id) 
            from rebounds r
            where players_id = p.id and p.teams_id!=(SELECT teams_id 
                                                    FROM players  
                                                    WHERE id = (SELECT players_id 
                                                                        FROM shots 
                                                                        WHERE id = r.shots_id)))/
            NULLIF((select count(id) from matches where teams_id1 = p.teams_id or teams_id = p.teams_id),0) as "sr_zbiorek_d",
                
            (select count(id) from rebounds where players_id = p.id)/
            NULLIF((select count(id) from matches where teams_id1 = p.teams_id or teams_id = p.teams_id),0) as "sr_zbiorek",
            (select count(id) from assists where players_id = p.id)/
            NULLIF((select count(id) from matches where teams_id1 = p.teams_id or teams_id = p.teams_id),0) as "sr_asyst",
            (select count(id) from blocks where players_id = p.id)/
            NULLIF((select count(id) from matches where teams_id1 = p.teams_id or teams_id = p.teams_id),0) as "sr_blokow",
              (select count(id) from turnovers where players_id = p.id)/
            NULLIF((select count(id) from matches where teams_id1 = p.teams_id or teams_id = p.teams_id),0) as "sr_strat",
              (select count(id) from steals where players_id = p.id)/
            NULLIF((select count(id) from matches where teams_id1 = p.teams_id or teams_id = p.teams_id),0) as "sr_przechwytow" 
       


FROM players p join people e on p.people_id = e.id
JOIN teams t on (t.id=p.teams_id);

CREATE OR REPLACE FORCE VIEW MATCH_RESULTS ("ID", "HOST", "GUEST", "HOST_PTS", "GUEST_PTS") AS 
  SELECT 
m.id as "ID",
t.name as "HOST",
d.name as "GUEST",
NVL((Select SUM(s.value) 
	from shots s 
		join incidents i on s.incidents_id = i.id
		join players p on s.players_id = p.id
	where
		m.id= i.matches_id AND
		t.id= p.teams_id AND
		s.hit = '1'),0)    as "HOST_PTS",
NVL((Select SUM(s.value) 
	from shots s 
		join incidents i on s.incidents_id = i.id
		join players p on s.players_id = p.id
	where
		m.id= i.matches_id AND
		d.id= p.teams_id AND
		s.hit = '1'),0) as "GUEST_PTS"

FROM MATCHES m 
    join teams t on m.teams_id = t.id
    join teams d on m.teams_id1 = d.id
ORDER BY m.ID ASC;

CREATE OR REPLACE FORCE VIEW TEAMS_STAT
AS SELECT 
T.id as "ID",
    T.name,
   2*(select count(id) 
         from MATCH_RESULTS 
         where (host = T.name and (host_pts > guest_pts ))
         or    (guest = T.name and (host_pts < guest_pts)))
         +1*(select count(id) 
         from MATCH_RESULTS 
         where (host = T.name and (host_pts < guest_pts ))
         or    (guest = T.name and (host_pts > guest_pts)))
         as "PUNKTY",
          (select count(id) 
         from MATCH_RESULTS 
         where (host = T.name or guest = T.name) and host_pts != guest_pts) as "ROZEGRANE",
    (select count(id) 
         from MATCH_RESULTS 
         where (host = T.name and (host_pts > guest_pts ))
         or    (guest = T.name and (host_pts < guest_pts))) as "WYGRANE",
             (select count(id) 
         from MATCH_RESULTS 
         where (host = T.name and (host_pts < guest_pts ))
         or    (guest = T.name and (host_pts > guest_pts))) as "PRZEGRANE",
    (select sum("celne_2pt")
        from PLAYERS_STAT p
        where "druzyna" = t.name) as celne_2pt,
    (select sum("oddane_2pt")
        from PLAYERS_STAT p
        where "druzyna" = t.name) as oddane_2pt,
    NVL(ROUND(100*(select sum("celne_2pt") from PLAYERS_STAT p where "druzyna" = t.name)/
        NULLIF((select sum("oddane_2pt")from PLAYERS_STAT p where "druzyna" = t.name),0),1),0) || '%' as skutecznosc_2pt,
    (select sum("celne_3pt")
        from PLAYERS_STAT p
        where "druzyna" = t.name) as celne_3pt,
    (select sum("oddane_3pt")
        from PLAYERS_STAT p
        where "druzyna" = t.name) as oddane_3pt,
    NVL(ROUND(100*(select sum("celne_3pt") from PLAYERS_STAT p where "druzyna" = t.name)/
        NULLIF((select sum("oddane_3pt")from PLAYERS_STAT p where "druzyna" = t.name),0),1),0) || '%' as skutecznosc_3pt,
        (select sum("celne_1pt")
        from PLAYERS_STAT p
        where "druzyna" = t.name) as celne_1pt,
    (select sum("oddane_1pt")
        from PLAYERS_STAT p
        where "druzyna" = t.name) as oddane_1pt,
    NVL(ROUND(100*(select sum("celne_1pt") from PLAYERS_STAT p where "druzyna" = t.name)/
        NULLIF((select sum("oddane_1pt")from PLAYERS_STAT p where "druzyna" = t.name),0),1),0) || '%' as skutecznosc_1pt

FROM TEAMS T
ORDER BY PUNKTY DESC;

--przykladowe dane-------------------------------------------------------------------------------
---przydatne
--ALTER SESSION SET NLS_DATE_LANGUAGE = 'POLISH';

insert into PEOPLE ("ID", birth_date, "NAME", SURNAME) values (0, TO_DATE('31-PAè-1995','DD-MON-YYYY'), 'Jakub', 'Pietrus');
insert into PEOPLE ("ID", birth_date, "NAME", SURNAME) values (1, TO_DATE('26-LUT-1995','DD-MON-YYYY'), 'Radek', 'Lis');
insert into PEOPLE ("ID", birth_date, "NAME", SURNAME) values (2, TO_DATE('01-STY-1988','DD-MON-YYYY'), 'Kamil', 'Picheta');
insert into PEOPLE ("ID", birth_date, "NAME", SURNAME) values (3, TO_DATE('05-LIS-1994','DD-MON-YYYY'), 'Maciek', 'Bialkowski');
insert into PEOPLE ("ID", birth_date, "NAME", SURNAME) values (4, TO_DATE('09-LIS-1900','DD-MON-YYYY'), 'Roman', 'Rozanski');
insert into PEOPLE ("ID", birth_date, "NAME", SURNAME) values (5, TO_DATE('20-SIE-1996','DD-MON-YYYY'), 'Orly', 'Scullion');
insert into PEOPLE ("ID", birth_date, "NAME", SURNAME) values (6, TO_DATE('05-LIS-1976','DD-MON-YYYY'), 'Abdel', 'Whysall');
insert into PEOPLE ("ID", birth_date, "NAME", SURNAME) values (7, TO_DATE('23-WRZ-1983','DD-MON-YYYY'), 'Sybille', 'Grellier');
insert into PEOPLE ("ID", birth_date, "NAME", SURNAME) values (8, TO_DATE('24-LIP-1977','DD-MON-YYYY'), 'Leanora', 'Espinoy');
insert into PEOPLE ("ID", birth_date, "NAME", SURNAME) values (9, TO_DATE('12-LIS-2000','DD-MON-YYYY'), 'Theodora', 'Eastway');
insert into PEOPLE ("ID", birth_date, "NAME", SURNAME) values (10, TO_DATE('03-SIE-1999','DD-MON-YYYY'), 'Doralynne', 'Pattingson');
insert into PEOPLE ("ID", birth_date, "NAME", SURNAME) values (11, TO_DATE('30-LIS-1991','DD-MON-YYYY'), 'Otha', 'Barnwill');
insert into PEOPLE ("ID", birth_date, "NAME", SURNAME) values (12, TO_DATE('15-KWI-1986','DD-MON-YYYY'), 'Wileen', 'Dumingo');
insert into PEOPLE ("ID", birth_date, "NAME", SURNAME) values (13, TO_DATE('07-CZE-1985','DD-MON-YYYY'), 'Tybalt', 'Giacopetti');
insert into PEOPLE ("ID", birth_date, "NAME", SURNAME) values (14, TO_DATE('10-STY-1996','DD-MON-YYYY'), 'Travers', 'Kunneke');
insert into PEOPLE ("ID", birth_date, "NAME", SURNAME) values (15, TO_DATE('04-MAJ-1991','DD-MON-YYYY'), 'Gherardo', 'Juhruke');
insert into PEOPLE ("ID", birth_date, "NAME", SURNAME) values (16, TO_DATE('06-CZE-1993','DD-MON-YYYY'), 'Jillayne', 'Pawelski');
insert into PEOPLE ("ID", birth_date, "NAME", SURNAME) values (17, TO_DATE('08-SIE-1976','DD-MON-YYYY'), 'Carrie', 'Blanchet');
insert into PEOPLE ("ID", birth_date, "NAME", SURNAME) values (18, TO_DATE('26-Mar-1983','DD-MON-YYYY'), 'Buck', 'Gors');
insert into PEOPLE ("ID", birth_date, "NAME", SURNAME) values (19, TO_DATE('01-Mar-1981','DD-MON-YYYY'), 'Gertrudis', 'Vasilischev');
insert into PEOPLE ("ID", birth_date, "NAME", SURNAME) values (20, TO_DATE('18-STY-1986','DD-MON-YYYY'), 'Elyn', 'Ierland');
insert into PEOPLE ("ID", birth_date, "NAME", SURNAME) values (21, TO_DATE('09-WRZ-1996','DD-MON-YYYY'), 'Cathleen', 'Capp');
insert into PEOPLE ("ID", birth_date, "NAME", SURNAME) values (22, TO_DATE('02-CZE-1977','DD-MON-YYYY'), 'Allsun', 'Clarkson');
insert into PEOPLE ("ID", birth_date, "NAME", SURNAME) values (23, TO_DATE('26-Mar-1993','DD-MON-YYYY'), 'Vivia', 'Fauning');
insert into PEOPLE ("ID", birth_date, "NAME", SURNAME) values (24, TO_DATE('31-LIP-1995','DD-MON-YYYY'), 'Rolf', 'Freezer');
insert into PEOPLE ("ID", birth_date, "NAME", SURNAME) values (25, TO_DATE('27-MAJ-1988','DD-MON-YYYY'), 'Redd', 'Whitehead');
insert into PEOPLE ("ID", birth_date, "NAME", SURNAME) values (26, TO_DATE('05-LIS-1994','DD-MON-YYYY'), 'Ara', 'Dearlove');
insert into PEOPLE ("ID", birth_date, "NAME", SURNAME) values (27, TO_DATE('09-LIS-1978','DD-MON-YYYY'), 'Ryan', 'Beavis');
insert into PEOPLE ("ID", birth_date, "NAME", SURNAME) values (28, TO_DATE('17-LIS-1991','DD-MON-YYYY'), 'Wynne', 'Hickeringill');
insert into PEOPLE ("ID", birth_date, "NAME", SURNAME) values (29, TO_DATE('08-LIS-1988','DD-MON-YYYY'), 'Esteban', 'Marryatt');
insert into PEOPLE ("ID", birth_date, "NAME", SURNAME) values (30, TO_DATE('31-SIE-1996','DD-MON-YYYY'), 'Morena', 'Twiddell');
insert into PEOPLE ("ID", birth_date, "NAME", SURNAME) values (31, TO_DATE('02-MAJ-1999','DD-MON-YYYY'), 'Kevon', 'Kingzeth');
insert into PEOPLE ("ID", birth_date, "NAME", SURNAME) values (32, TO_DATE('10-LIP-1991','DD-MON-YYYY'), 'Tiler', 'Puddefoot');
insert into PEOPLE ("ID", birth_date, "NAME", SURNAME) values (33, TO_DATE('07-Paü-1995','DD-MON-YYYY'), 'Vere', 'MacNeish');
insert into PEOPLE ("ID", birth_date, "NAME", SURNAME) values (34, TO_DATE('30-LIS-1991','DD-MON-YYYY'), 'Samuele', 'Hefferan');
insert into PEOPLE ("ID", birth_date, "NAME", SURNAME) values (35, TO_DATE('31-GRU-1983','DD-MON-YYYY'), 'Aubree', 'Jillis');
insert into PEOPLE ("ID", birth_date, "NAME", SURNAME) values (36, TO_DATE('04-LUT-1982','DD-MON-YYYY'), 'Lonni', 'Mitchard');
insert into PEOPLE ("ID", birth_date, "NAME", SURNAME) values (37, TO_DATE('02-LIS-1998','DD-MON-YYYY'), 'Had', 'Gulston');
insert into PEOPLE ("ID", birth_date, "NAME", SURNAME) values (38, TO_DATE('16-CZE-1992','DD-MON-YYYY'), 'Jany', 'Angless');
insert into PEOPLE ("ID", birth_date, "NAME", SURNAME) values (39, TO_DATE('08-GRU-1986','DD-MON-YYYY'), 'Madella', 'Le feuvre');
insert into PEOPLE ("ID", birth_date, "NAME", SURNAME) values (40, TO_DATE('12-STY-1998','DD-MON-YYYY'), 'Titus', 'Milbourne');
insert into PEOPLE ("ID", birth_date, "NAME", SURNAME) values (41, TO_DATE('09-STY-1996','DD-MON-YYYY'), 'Nancey', 'Bernocchi');
insert into PEOPLE ("ID", birth_date, "NAME", SURNAME) values (42, TO_DATE('19-SIE-1978','DD-MON-YYYY'), 'Derrek', 'Carcass');
insert into PEOPLE ("ID", birth_date, "NAME", SURNAME) values (43, TO_DATE('21-SIE-1983','DD-MON-YYYY'), 'Stephannie', 'Furlong');
insert into PEOPLE ("ID", birth_date, "NAME", SURNAME) values (44, TO_DATE('15-LIP-1989','DD-MON-YYYY'), 'Benedicto', 'Urien');
insert into PEOPLE ("ID", birth_date, "NAME", SURNAME) values (45, TO_DATE('23-SIE-1977','DD-MON-YYYY'), 'Malia', 'Balding');
insert into PEOPLE ("ID", birth_date, "NAME", SURNAME) values (46, TO_DATE('10-Mar-1992','DD-MON-YYYY'), 'Ezekiel', 'Van Der Hoog');
insert into PEOPLE ("ID", birth_date, "NAME", SURNAME) values (47, TO_DATE('04-LIP-1996','DD-MON-YYYY'), 'Ruperto', 'Laurence');
insert into PEOPLE ("ID", birth_date, "NAME", SURNAME) values (48, TO_DATE('30-LIS-1986','DD-MON-YYYY'), 'Maribel', 'Smart');
insert into PEOPLE ("ID", birth_date, "NAME", SURNAME) values (49, TO_DATE('12-CZE-1985','DD-MON-YYYY'), 'Henderson', 'Zapatero');
insert into PEOPLE ("ID", birth_date, "NAME", SURNAME) values (50, TO_DATE('15-Mar-1995','DD-MON-YYYY'), 'Rafaellle', 'Arkil');
insert into PEOPLE ("ID", birth_date, "NAME", SURNAME) values (51, TO_DATE('09-GRU-1999','DD-MON-YYYY'), 'Guntar', 'Sheasby');
insert into PEOPLE ("ID", birth_date, "NAME", SURNAME) values (52, TO_DATE('17-CZE-1992','DD-MON-YYYY'), 'Dita', 'Witchard');
insert into PEOPLE ("ID", birth_date, "NAME", SURNAME) values (53, TO_DATE('02-SIE-1992','DD-MON-YYYY'), 'Giuditta', 'Pottie');
insert into PEOPLE ("ID", birth_date, "NAME", SURNAME) values (54, TO_DATE('14-Paü-1998','DD-MON-YYYY'), 'Doe', 'Orrock');
insert into PEOPLE ("ID", birth_date, "NAME", SURNAME) values (55, TO_DATE('13-Paü-1990','DD-MON-YYYY'), 'Tades', 'Del Castello');
insert into PEOPLE ("ID", birth_date, "NAME", SURNAME) values (56, TO_DATE('01-KWI-1987','DD-MON-YYYY'), 'Giulio', 'Jonczyk');
insert into PEOPLE ("ID", birth_date, "NAME", SURNAME) values (57, TO_DATE('18-SIE-1980','DD-MON-YYYY'), 'Brandtr', 'Erricker');
insert into PEOPLE ("ID", birth_date, "NAME", SURNAME) values (58, TO_DATE('07-LIS-1984','DD-MON-YYYY'), 'Fabio', 'OHartnett');
insert into PEOPLE ("ID", birth_date, "NAME", SURNAME) values (59, TO_DATE('07-STY-1991','DD-MON-YYYY'), 'Barnaby', 'Rotlauf');
insert into PEOPLE ("ID", birth_date, "NAME", SURNAME) values (60, TO_DATE('05-CZE-1994','DD-MON-YYYY'), 'Peterus', 'Titherington');
insert into PEOPLE ("ID", birth_date, "NAME", SURNAME) values (61, TO_DATE('08-Paü-1992','DD-MON-YYYY'), 'Bail', 'Kobus');
insert into PEOPLE ("ID", birth_date, "NAME", SURNAME) values (62, TO_DATE('04-Paü-1998','DD-MON-YYYY'), 'Sylvan', 'Janning');
insert into PEOPLE ("ID", birth_date, "NAME", SURNAME) values (63, TO_DATE('18-Paü-1986','DD-MON-YYYY'), 'Bronnie', 'Lankester');
insert into PEOPLE ("ID", birth_date, "NAME", SURNAME) values (64, TO_DATE('24-LIP-1986','DD-MON-YYYY'), 'Sutherlan', 'Paik');
insert into PEOPLE ("ID", birth_date, "NAME", SURNAME) values (65, TO_DATE('06-LIP-1998','DD-MON-YYYY'), 'Adi', 'Schuchmacher');
insert into PEOPLE ("ID", birth_date, "NAME", SURNAME) values (66, TO_DATE('24-WRZ-1982','DD-MON-YYYY'), 'Prudence', 'Cherry');
insert into PEOPLE ("ID", birth_date, "NAME", SURNAME) values (67, TO_DATE('06-LIS-1988','DD-MON-YYYY'), 'Roslyn', 'Ramelet');
insert into PEOPLE ("ID", birth_date, "NAME", SURNAME) values (68, TO_DATE('06-LIS-1982','DD-MON-YYYY'), 'Rosemaria', 'Randell');
insert into PEOPLE ("ID", birth_date, "NAME", SURNAME) values (69, TO_DATE('18-MAJ-1976','DD-MON-YYYY'), 'Bronny', 'Sheavills');
insert into PEOPLE ("ID", birth_date, "NAME", SURNAME) values (70, TO_DATE('17-LIP-1985','DD-MON-YYYY'), 'Cosimo', 'Gallehock');
insert into PEOPLE ("ID", birth_date, "NAME", SURNAME) values (71, TO_DATE('07-MAJ-1990','DD-MON-YYYY'), 'Magdalene', 'Barbe');
insert into PEOPLE ("ID", birth_date, "NAME", SURNAME) values (72, TO_DATE('01-WRZ-1988','DD-MON-YYYY'), 'Alayne', 'Writtle');
insert into PEOPLE ("ID", birth_date, "NAME", SURNAME) values (73, TO_DATE('25-KWI-1995','DD-MON-YYYY'), 'Saunder', 'Treacy');
insert into PEOPLE ("ID", birth_date, "NAME", SURNAME) values (74, TO_DATE('14-Paü-1978','DD-MON-YYYY'), 'Cthrine', 'Davenhill');
insert into PEOPLE ("ID", birth_date, "NAME", SURNAME) values (75, TO_DATE('29-LIP-1991','DD-MON-YYYY'), 'Boy', 'Arendt');
insert into PEOPLE ("ID", birth_date, "NAME", SURNAME) values (76, TO_DATE('25-WRZ-1977','DD-MON-YYYY'), 'Norrie', 'Heinrich');
insert into PEOPLE ("ID", birth_date, "NAME", SURNAME) values (77, TO_DATE('18-KWI-1985','DD-MON-YYYY'), 'Abe', 'Stainsby');
insert into PEOPLE ("ID", birth_date, "NAME", SURNAME) values (78, TO_DATE('09-Paü-1990','DD-MON-YYYY'), 'Marlow', 'Ansill');
insert into PEOPLE ("ID", birth_date, "NAME", SURNAME) values (79, TO_DATE('16-WRZ-1986','DD-MON-YYYY'), 'Starr', 'Kinsley');
insert into PEOPLE ("ID", birth_date, "NAME", SURNAME) values (80, TO_DATE('02-Mar-1979','DD-MON-YYYY'), 'Dona', 'Legonidec');
insert into PEOPLE ("ID", birth_date, "NAME", SURNAME) values (81, TO_DATE('02-KWI-1996','DD-MON-YYYY'), 'Eunice', 'Bedbrough');
insert into PEOPLE ("ID", birth_date, "NAME", SURNAME) values (82, TO_DATE('25-Mar-1977','DD-MON-YYYY'), 'Harlie', 'Grisard');
insert into PEOPLE ("ID", birth_date, "NAME", SURNAME) values (83, TO_DATE('08-GRU-1980','DD-MON-YYYY'), 'Ora', 'Byrom');
insert into PEOPLE ("ID", birth_date, "NAME", SURNAME) values (84, TO_DATE('04-Paü-1990','DD-MON-YYYY'), 'Kristina', 'Goodhand');
insert into PEOPLE ("ID", birth_date, "NAME", SURNAME) values (85, TO_DATE('07-WRZ-1977','DD-MON-YYYY'), 'Moyra', 'Sheber');
insert into PEOPLE ("ID", birth_date, "NAME", SURNAME) values (86, TO_DATE('06-Mar-1989','DD-MON-YYYY'), 'Christiana', 'Archbald');
insert into PEOPLE ("ID", birth_date, "NAME", SURNAME) values (87, TO_DATE('24-LIS-1996','DD-MON-YYYY'), 'Odilia', 'Shields');
insert into PEOPLE ("ID", birth_date, "NAME", SURNAME) values (88, TO_DATE('28-Mar-1983','DD-MON-YYYY'), 'Celie', 'Postin');
insert into PEOPLE ("ID", birth_date, "NAME", SURNAME) values (89, TO_DATE('13-KWI-1988','DD-MON-YYYY'), 'Jamesy', 'Marler');
insert into PEOPLE ("ID", birth_date, "NAME", SURNAME) values (90, TO_DATE('23-GRU-1995','DD-MON-YYYY'), 'Lyn', 'Fairhead');
insert into PEOPLE ("ID", birth_date, "NAME", SURNAME) values (91, TO_DATE('29-WRZ-1977','DD-MON-YYYY'), 'Rickert', 'Lloyd');
insert into PEOPLE ("ID", birth_date, "NAME", SURNAME) values (92, TO_DATE('28-LIP-1977','DD-MON-YYYY'), 'Kalie', 'Hylton');
insert into PEOPLE ("ID", birth_date, "NAME", SURNAME) values (93, TO_DATE('25-Mar-1981','DD-MON-YYYY'), 'Meridel', 'McDougle');
insert into PEOPLE ("ID", birth_date, "NAME", SURNAME) values (94, TO_DATE('06-CZE-1984','DD-MON-YYYY'), 'Carroll', 'Reyburn');
insert into PEOPLE ("ID", birth_date, "NAME", SURNAME) values (95, TO_DATE('11-WRZ-1977','DD-MON-YYYY'), 'Deina', 'Lutwyche');
insert into PEOPLE ("ID", birth_date, "NAME", SURNAME) values (96, TO_DATE('15-CZE-1985','DD-MON-YYYY'), 'Wenda', 'Adnet');
insert into PEOPLE ("ID", birth_date, "NAME", SURNAME) values (97, TO_DATE('25-STY-1978','DD-MON-YYYY'), 'Pooh', 'Veracruysse');
insert into PEOPLE ("ID", birth_date, "NAME", SURNAME) values (98, TO_DATE('21-MAJ-2000','DD-MON-YYYY'), 'Missie', 'Beagan');
insert into PEOPLE ("ID", birth_date, "NAME", SURNAME) values (99, TO_DATE('21-Mar-1976','DD-MON-YYYY'), 'Selby', 'Felmingham');
insert into PEOPLE ("ID", birth_date, "NAME", SURNAME) values (100, TO_DATE('25-Maj-1978','DD-MON-YYYY'), 'Marcin', 'Luta');
insert into PEOPLE ("ID", birth_date, "NAME", SURNAME) values (101, TO_DATE('11-SIE-1960','DD-MON-YYYY'), 'Szymon', 'Nowak');
insert into PEOPLE ("ID", birth_date, "NAME", SURNAME) values (102, TO_DATE('02-Sty-1976','DD-MON-YYYY'), 'Wiktor', 'Wizir');

insert into REFEREES ("ID", PEOPLE_ID) values (1, 100);
insert into REFEREES ("ID", PEOPLE_ID) values (2, 101);
insert into REFEREES ("ID", PEOPLE_ID) values (3, 102);

insert into TEAMS ("ID", "NAME") values (1, 'Flashdog');
insert into TEAMS ("ID", "NAME") values (2, 'Shuffledrive');
insert into TEAMS ("ID", "NAME") values (3, 'Meeveo');
insert into TEAMS ("ID", "NAME") values (4, 'Brainbox');
insert into TEAMS ("ID", "NAME") values (5, 'Shufflebeat');
insert into TEAMS ("ID", "NAME") values (6, 'Demimbu');
insert into TEAMS ("ID", "NAME") values (7, 'Voonyx');
insert into TEAMS ("ID", "NAME") values (8, 'Browsedrive');
insert into TEAMS ("ID", "NAME") values (9, 'Jamia');
insert into TEAMS ("ID", "NAME") values (10, 'Edgetag');

insert into PLAYERS ("ID", people_id, jersey_nr, teams_id) values (0, 0, 6, 1);
insert into PLAYERS ("ID", people_id, jersey_nr, teams_id) values (1, 1, 2, 1);
insert into PLAYERS ("ID", people_id, jersey_nr, teams_id) values (2, 2, 15, 7);
insert into PLAYERS ("ID", people_id, jersey_nr, teams_id) values (3, 3, 12, 9);
insert into PLAYERS ("ID", people_id, jersey_nr, teams_id) values (4, 4, 6, 10);
insert into PLAYERS ("ID", people_id, jersey_nr, teams_id) values (5, 5, 15, 6);
insert into PLAYERS ("ID", people_id, jersey_nr, teams_id) values (6, 6, 9, 3);
insert into PLAYERS ("ID", people_id, jersey_nr, teams_id) values (7, 7, 7, 1);
insert into PLAYERS ("ID", people_id, jersey_nr, teams_id) values (8, 8, 1, 7);
insert into PLAYERS ("ID", people_id, jersey_nr, teams_id) values (9, 9, 5, 1);
insert into PLAYERS ("ID", people_id, jersey_nr, teams_id) values (10, 10, 9, 2);
insert into PLAYERS ("ID", people_id, jersey_nr, teams_id) values (11, 11, 2, 8);
insert into PLAYERS ("ID", people_id, jersey_nr, teams_id) values (12, 12, 4, 1);
insert into PLAYERS ("ID", people_id, jersey_nr, teams_id) values (13, 13, 1, 4);
insert into PLAYERS ("ID", people_id, jersey_nr, teams_id) values (14, 14, 1, 5);
insert into PLAYERS ("ID", people_id, jersey_nr, teams_id) values (15, 15, 15, 3);
insert into PLAYERS ("ID", people_id, jersey_nr, teams_id) values (16, 16, 13, 1);
insert into PLAYERS ("ID", people_id, jersey_nr, teams_id) values (17, 17, 15, 2);
insert into PLAYERS ("ID", people_id, jersey_nr, teams_id) values (18, 18, 14, 7);
insert into PLAYERS ("ID", people_id, jersey_nr, teams_id) values (19, 19, 9, 4);
insert into PLAYERS ("ID", people_id, jersey_nr, teams_id) values (20, 20, 2, 3);
insert into PLAYERS ("ID", people_id, jersey_nr, teams_id) values (21, 21, 10, 5);
insert into PLAYERS ("ID", people_id, jersey_nr, teams_id) values (22, 22, 7, 8);
insert into PLAYERS ("ID", people_id, jersey_nr, teams_id) values (23, 23, 8, 7);
insert into PLAYERS ("ID", people_id, jersey_nr, teams_id) values (24, 24, 6, 8);
insert into PLAYERS ("ID", people_id, jersey_nr, teams_id) values (25, 25, 6, 2);
insert into PLAYERS ("ID", people_id, jersey_nr, teams_id) values (26, 26, 5, 8);
insert into PLAYERS ("ID", people_id, jersey_nr, teams_id) values (27, 27, 9, 6);
insert into PLAYERS ("ID", people_id, jersey_nr, teams_id) values (28, 28, 10, 6);
insert into PLAYERS ("ID", people_id, jersey_nr, teams_id) values (29, 29, 14, 2);
insert into PLAYERS ("ID", people_id, jersey_nr, teams_id) values (30, 30, 8, 1);
insert into PLAYERS ("ID", people_id, jersey_nr, teams_id) values (31, 31, 5, 5);
insert into PLAYERS ("ID", people_id, jersey_nr, teams_id) values (32, 32, 12, 4);
insert into PLAYERS ("ID", people_id, jersey_nr, teams_id) values (33, 33, 8, 3);
insert into PLAYERS ("ID", people_id, jersey_nr, teams_id) values (34, 34, 3, 10);
insert into PLAYERS ("ID", people_id, jersey_nr, teams_id) values (35, 35, 1, 10);
insert into PLAYERS ("ID", people_id, jersey_nr, teams_id) values (36, 36, 2, 4);
insert into PLAYERS ("ID", people_id, jersey_nr, teams_id) values (37, 37, 7, 5);
insert into PLAYERS ("ID", people_id, jersey_nr, teams_id) values (38, 38, 12, 5);
insert into PLAYERS ("ID", people_id, jersey_nr, teams_id) values (39, 39, 10, 8);
insert into PLAYERS ("ID", people_id, jersey_nr, teams_id) values (40, 40, 1, 1);
insert into PLAYERS ("ID", people_id, jersey_nr, teams_id) values (41, 41, 2, 2);
insert into PLAYERS ("ID", people_id, jersey_nr, teams_id) values (42, 42, 10, 1);
insert into PLAYERS ("ID", people_id, jersey_nr, teams_id) values (43, 43, 13, 9);
insert into PLAYERS ("ID", people_id, jersey_nr, teams_id) values (44, 44, 1, 5);
insert into PLAYERS ("ID", people_id, jersey_nr, teams_id) values (45, 45, 1, 5);
insert into PLAYERS ("ID", people_id, jersey_nr, teams_id) values (46, 46, 14, 6);
insert into PLAYERS ("ID", people_id, jersey_nr, teams_id) values (47, 47, 14, 5);
insert into PLAYERS ("ID", people_id, jersey_nr, teams_id) values (48, 48, 14, 10);
insert into PLAYERS ("ID", people_id, jersey_nr, teams_id) values (49, 49, 6, 8);
insert into PLAYERS ("ID", people_id, jersey_nr, teams_id) values (50, 50, 3, 2);
insert into PLAYERS ("ID", people_id, jersey_nr, teams_id) values (51, 51, 11, 8);
insert into PLAYERS ("ID", people_id, jersey_nr, teams_id) values (52, 52, 12, 9);
insert into PLAYERS ("ID", people_id, jersey_nr, teams_id) values (53, 53, 12, 9);
insert into PLAYERS ("ID", people_id, jersey_nr, teams_id) values (54, 54, 13, 2);
insert into PLAYERS ("ID", people_id, jersey_nr, teams_id) values (55, 55, 8, 5);
insert into PLAYERS ("ID", people_id, jersey_nr, teams_id) values (56, 56, 11, 9);
insert into PLAYERS ("ID", people_id, jersey_nr, teams_id) values (57, 57, 14, 3);
insert into PLAYERS ("ID", people_id, jersey_nr, teams_id) values (58, 58, 12, 10);
insert into PLAYERS ("ID", people_id, jersey_nr, teams_id) values (59, 59, 8, 2);
insert into PLAYERS ("ID", people_id, jersey_nr, teams_id) values (60, 60, 12, 1);
insert into PLAYERS ("ID", people_id, jersey_nr, teams_id) values (61, 61, 5, 9);
insert into PLAYERS ("ID", people_id, jersey_nr, teams_id) values (62, 62, 15, 8);
insert into PLAYERS ("ID", people_id, jersey_nr, teams_id) values (63, 63, 12, 5);
insert into PLAYERS ("ID", people_id, jersey_nr, teams_id) values (64, 64, 15, 7);
insert into PLAYERS ("ID", people_id, jersey_nr, teams_id) values (65, 65, 6, 6);
insert into PLAYERS ("ID", people_id, jersey_nr, teams_id) values (66, 66, 8, 5);
insert into PLAYERS ("ID", people_id, jersey_nr, teams_id) values (67, 67, 13, 6);
insert into PLAYERS ("ID", people_id, jersey_nr, teams_id) values (68, 68, 5, 8);
insert into PLAYERS ("ID", people_id, jersey_nr, teams_id) values (69, 69, 6, 5);
insert into PLAYERS ("ID", people_id, jersey_nr, teams_id) values (70, 70, 13, 7);
insert into PLAYERS ("ID", people_id, jersey_nr, teams_id) values (71, 71, 11, 3);
insert into PLAYERS ("ID", people_id, jersey_nr, teams_id) values (72, 72, 3, 7);
insert into PLAYERS ("ID", people_id, jersey_nr, teams_id) values (73, 73, 3, 10);
insert into PLAYERS ("ID", people_id, jersey_nr, teams_id) values (74, 74, 14, 9);
insert into PLAYERS ("ID", people_id, jersey_nr, teams_id) values (75, 75, 10, 3);
insert into PLAYERS ("ID", people_id, jersey_nr, teams_id) values (76, 76, 11, 1);
insert into PLAYERS ("ID", people_id, jersey_nr, teams_id) values (77, 77, 4, 1);
insert into PLAYERS ("ID", people_id, jersey_nr, teams_id) values (78, 78, 8, 10);
insert into PLAYERS ("ID", people_id, jersey_nr, teams_id) values (79, 79, 11, 6);
insert into PLAYERS ("ID", people_id, jersey_nr, teams_id) values (80, 80, 12, 6);
insert into PLAYERS ("ID", people_id, jersey_nr, teams_id) values (81, 81, 11, 9);
insert into PLAYERS ("ID", people_id, jersey_nr, teams_id) values (82, 82, 11, 8);
insert into PLAYERS ("ID", people_id, jersey_nr, teams_id) values (83, 83, 3, 4);
insert into PLAYERS ("ID", people_id, jersey_nr, teams_id) values (84, 84, 8, 5);
insert into PLAYERS ("ID", people_id, jersey_nr, teams_id) values (85, 85, 4, 7);
insert into PLAYERS ("ID", people_id, jersey_nr, teams_id) values (86, 86, 2, 7);
insert into PLAYERS ("ID", people_id, jersey_nr, teams_id) values (87, 87, 14, 6);
insert into PLAYERS ("ID", people_id, jersey_nr, teams_id) values (88, 88, 7, 10);
insert into PLAYERS ("ID", people_id, jersey_nr, teams_id) values (89, 89, 6, 10);
insert into PLAYERS ("ID", people_id, jersey_nr, teams_id) values (90, 90, 8, 2);
insert into PLAYERS ("ID", people_id, jersey_nr, teams_id) values (91, 91, 2, 6);
insert into PLAYERS ("ID", people_id, jersey_nr, teams_id) values (92, 92, 14, 8);
insert into PLAYERS ("ID", people_id, jersey_nr, teams_id) values (93, 93, 6, 3);
insert into PLAYERS ("ID", people_id, jersey_nr, teams_id) values (94, 94, 6, 3);
insert into PLAYERS ("ID", people_id, jersey_nr, teams_id) values (95, 95, 7, 4);
insert into PLAYERS ("ID", people_id, jersey_nr, teams_id) values (96, 96, 4, 4);
insert into PLAYERS ("ID", people_id, jersey_nr, teams_id) values (97, 97, 7, 8);
insert into PLAYERS ("ID", people_id, jersey_nr, teams_id) values (98, 98, 14, 10);
insert into PLAYERS ("ID", people_id, jersey_nr, teams_id) values (99, 99, 15, 2);

insert into MATCHES ("ID", REFEREES_ID, REFEREES_ID1, teams_id, teams_id1, "date") values (1, 2, 1, 1, 3, TO_DATE('29-WRZ-2018','DD-MON-YYYY'));
insert into MATCHES ("ID", REFEREES_ID, REFEREES_ID1, teams_id, teams_id1, "date") values (2, 1, 2, 8, 6, TO_DATE('06-SIE-2019','DD-MON-YYYY'));
insert into MATCHES ("ID", REFEREES_ID, REFEREES_ID1, teams_id, teams_id1, "date") values (3, 1, 2, 7, 2, TO_DATE('04-KWI-2019','DD-MON-YYYY'));
insert into MATCHES ("ID", REFEREES_ID, REFEREES_ID1, teams_id, teams_id1, "date") values (4, 2, 1, 9, 10, TO_DATE('18-LUT-2018','DD-MON-YYYY'));
insert into MATCHES ("ID", REFEREES_ID, REFEREES_ID1, teams_id, teams_id1, "date") values (5, 3, 1, 5, 4, TO_DATE('30-LIS-2019','DD-MON-YYYY'));
insert into MATCHES ("ID", REFEREES_ID, REFEREES_ID1, teams_id, teams_id1, "date") values (6, 3, 2, 6, 9, TO_DATE('03-KWI-2019','DD-MON-YYYY'));
insert into MATCHES ("ID", REFEREES_ID, REFEREES_ID1, teams_id, teams_id1, "date") values (7, 2, 3, 3, 10, TO_DATE('11-MAJ-2018','DD-MON-YYYY'));
insert into MATCHES ("ID", REFEREES_ID, REFEREES_ID1, teams_id, teams_id1, "date") values (8, 1, 3, 8, 5, TO_DATE('14-WRZ-2018','DD-MON-YYYY'));
insert into MATCHES ("ID", REFEREES_ID, REFEREES_ID1, teams_id, teams_id1, "date") values (9, 3, 2, 2, 4, TO_DATE('21-MAR-2018','DD-MON-YYYY'));
insert into MATCHES ("ID", REFEREES_ID, REFEREES_ID1, teams_id, teams_id1, "date") values (10, 3, 1, 7, 1, TO_DATE('09-STY-2018','DD-MON-YYYY'));

--  alter table REBOUNDS
--    add players_id number(3,0) constraint id_reb references players(id);

--  alter table ASSISTS
--    add players_id number(3,0) constraint id_as references players(id);

--  alter table BLOCKS
--    add players_id number(3,0) constraint id_bl references players(id);

-- alter table TIMEOUTS
--    add teams_id number(2,0) constraint id_tim references teams(id);


insert into INCIDENTS (id, matches_id, quater, time) values (1, 1, 3, '1:35');
insert into INCIDENTS (id, matches_id, quater, time) values (2, 1, 4, '1:34');
insert into INCIDENTS (id, matches_id, quater, time) values (3, 1, 4, '1:56');
insert into INCIDENTS (id, matches_id, quater, time) values (4, 1, 3, '1:27');
insert into INCIDENTS (id, matches_id, quater, time) values (5, 1, 3, '1:22');
insert into INCIDENTS (id, matches_id, quater, time) values (6, 1, 2, '1:49');
insert into INCIDENTS (id, matches_id, quater, time) values (7, 1, 1, '1:51');
insert into INCIDENTS (id, matches_id, quater, time) values (8, 1, 1, '1:25');
insert into INCIDENTS (id, matches_id, quater, time) values (9, 1, 2, '1:25');
insert into INCIDENTS (id, matches_id, quater, time) values (10, 1, 2, '1:32');
insert into INCIDENTS (id, matches_id, quater, time) values (11, 1, 4, '1:3');
insert into INCIDENTS (id, matches_id, quater, time) values (12, 1, 1, '1:6');
insert into INCIDENTS (id, matches_id, quater, time) values (13, 1, 1, '1:59');
insert into INCIDENTS (id, matches_id, quater, time) values (14, 1, 2, '1:8');
insert into INCIDENTS (id, matches_id, quater, time) values (15, 1, 1, '1:7');
insert into INCIDENTS (id, matches_id, quater, time) values (16, 1, 2, '1:25');
insert into INCIDENTS (id, matches_id, quater, time) values (17, 1, 2, '1:16');
insert into INCIDENTS (id, matches_id, quater, time) values (18, 1, 3, '1:12');
insert into INCIDENTS (id, matches_id, quater, time) values (19, 1, 1, '1:54');
insert into INCIDENTS (id, matches_id, quater, time) values (20, 1, 3, '1:12');
insert into INCIDENTS (id, matches_id, quater, time) values (21, 1, 2, '1:58');
insert into INCIDENTS (id, matches_id, quater, time) values (22, 1, 3, '1:51');
insert into INCIDENTS (id, matches_id, quater, time) values (23, 1, 1, '1:57');
insert into INCIDENTS (id, matches_id, quater, time) values (24, 1, 1, '1:42');
insert into INCIDENTS (id, matches_id, quater, time) values (25, 1, 3, '1:12');
insert into INCIDENTS (id, matches_id, quater, time) values (26, 1, 4, '1:46');
insert into INCIDENTS (id, matches_id, quater, time) values (27, 1, 2, '1:29');
insert into INCIDENTS (id, matches_id, quater, time) values (28, 1, 2, '1:34');
insert into INCIDENTS (id, matches_id, quater, time) values (29, 1, 2, '1:16');
insert into INCIDENTS (id, matches_id, quater, time) values (30, 1, 3, '1:58');
insert into INCIDENTS (id, matches_id, quater, time) values (31, 1, 3, '1:51');
insert into INCIDENTS (id, matches_id, quater, time) values (32, 1, 3, '1:26');
insert into INCIDENTS (id, matches_id, quater, time) values (33, 1, 2, '1:44');
insert into INCIDENTS (id, matches_id, quater, time) values (34, 1, 3, '1:11');
insert into INCIDENTS (id, matches_id, quater, time) values (35, 1, 2, '1:13');
insert into INCIDENTS (id, matches_id, quater, time) values (36, 1, 2, '1:2');
insert into INCIDENTS (id, matches_id, quater, time) values (37, 1, 4, '1:30');
insert into INCIDENTS (id, matches_id, quater, time) values (38, 1, 1, '1:17');
insert into INCIDENTS (id, matches_id, quater, time) values (39, 1, 1, '1:45');
insert into INCIDENTS (id, matches_id, quater, time) values (40, 1, 3, '1:46');
insert into INCIDENTS (id, matches_id, quater, time) values (41, 1, 4, '1:24');
insert into INCIDENTS (id, matches_id, quater, time) values (42, 1, 4, '1:12');
insert into INCIDENTS (id, matches_id, quater, time) values (43, 1, 1, '1:58');
insert into INCIDENTS (id, matches_id, quater, time) values (44, 1, 2, '1:26');
insert into INCIDENTS (id, matches_id, quater, time) values (45, 1, 3, '1:39');
insert into INCIDENTS (id, matches_id, quater, time) values (46, 1, 4, '1:32');
insert into INCIDENTS (id, matches_id, quater, time) values (47, 1, 4, '1:11');
insert into INCIDENTS (id, matches_id, quater, time) values (48, 1, 3, '1:44');
insert into INCIDENTS (id, matches_id, quater, time) values (49, 1, 3, '1:58');
insert into INCIDENTS (id, matches_id, quater, time) values (50, 1, 1, '1:45');
insert into INCIDENTS (id, matches_id, quater, time) values (51, 1, 4, '1:3');
insert into INCIDENTS (id, matches_id, quater, time) values (52, 1, 2, '1:44');
insert into INCIDENTS (id, matches_id, quater, time) values (53, 1, 4, '1:24');
insert into INCIDENTS (id, matches_id, quater, time) values (54, 1, 4, '1:8');
insert into INCIDENTS (id, matches_id, quater, time) values (55, 1, 3, '1:51');
insert into INCIDENTS (id, matches_id, quater, time) values (56, 1, 1, '1:14');
insert into INCIDENTS (id, matches_id, quater, time) values (57, 1, 4, '1:24');
insert into INCIDENTS (id, matches_id, quater, time) values (58, 1, 1, '1:23');
insert into INCIDENTS (id, matches_id, quater, time) values (59, 1, 1, '1:9');
insert into INCIDENTS (id, matches_id, quater, time) values (60, 1, 3, '1:42');
insert into INCIDENTS (id, matches_id, quater, time) values (61, 1, 4, '1:13');
insert into INCIDENTS (id, matches_id, quater, time) values (62, 1, 1, '1:42');
insert into INCIDENTS (id, matches_id, quater, time) values (63, 1, 3, '1:52');
insert into INCIDENTS (id, matches_id, quater, time) values (64, 1, 1, '1:23');
insert into INCIDENTS (id, matches_id, quater, time) values (65, 1, 4, '1:43');
insert into INCIDENTS (id, matches_id, quater, time) values (66, 1, 3, '1:19');
insert into INCIDENTS (id, matches_id, quater, time) values (67, 1, 4, '1:18');
insert into INCIDENTS (id, matches_id, quater, time) values (68, 1, 1, '1:57');
insert into INCIDENTS (id, matches_id, quater, time) values (69, 1, 3, '1:56');
insert into INCIDENTS (id, matches_id, quater, time) values (70, 1, 2, '1:6');
insert into INCIDENTS (id, matches_id, quater, time) values (71, 1, 1, '1:36');
insert into INCIDENTS (id, matches_id, quater, time) values (72, 1, 1, '1:15');
insert into INCIDENTS (id, matches_id, quater, time) values (73, 1, 4, '1:18');
insert into INCIDENTS (id, matches_id, quater, time) values (74, 1, 2, '1:14');
insert into INCIDENTS (id, matches_id, quater, time) values (75, 1, 3, '1:58');
insert into INCIDENTS (id, matches_id, quater, time) values (76, 1, 4, '1:2');
insert into INCIDENTS (id, matches_id, quater, time) values (77, 1, 3, '1:34');
insert into INCIDENTS (id, matches_id, quater, time) values (78, 1, 2, '1:51');
insert into INCIDENTS (id, matches_id, quater, time) values (79, 1, 3, '1:18');
insert into INCIDENTS (id, matches_id, quater, time) values (80, 1, 3, '1:18');
insert into INCIDENTS (id, matches_id, quater, time) values (81, 1, 2, '1:29');
insert into INCIDENTS (id, matches_id, quater, time) values (82, 1, 2, '1:41');
insert into INCIDENTS (id, matches_id, quater, time) values (83, 1, 1, '1:44');
insert into INCIDENTS (id, matches_id, quater, time) values (84, 1, 2, '1:43');
insert into INCIDENTS (id, matches_id, quater, time) values (85, 1, 1, '1:21');
insert into INCIDENTS (id, matches_id, quater, time) values (86, 1, 4, '1:50');
insert into INCIDENTS (id, matches_id, quater, time) values (87, 1, 3, '1:49');
insert into INCIDENTS (id, matches_id, quater, time) values (88, 1, 3, '1:10');
insert into INCIDENTS (id, matches_id, quater, time) values (89, 1, 4, '1:31');
insert into INCIDENTS (id, matches_id, quater, time) values (90, 1, 3, '1:5');
insert into INCIDENTS (id, matches_id, quater, time) values (91, 1, 4, '1:30');
insert into INCIDENTS (id, matches_id, quater, time) values (92, 1, 3, '1:38');
insert into INCIDENTS (id, matches_id, quater, time) values (93, 1, 1, '1:54');
insert into INCIDENTS (id, matches_id, quater, time) values (94, 1, 4, '1:6');
insert into INCIDENTS (id, matches_id, quater, time) values (95, 1, 2, '1:4');
insert into INCIDENTS (id, matches_id, quater, time) values (96, 1, 3, '1:1');
insert into INCIDENTS (id, matches_id, quater, time) values (97, 1, 1, '1:26');
insert into INCIDENTS (id, matches_id, quater, time) values (98, 1, 4, '1:59');
insert into INCIDENTS (id, matches_id, quater, time) values (99, 1, 2, '1:34');
insert into INCIDENTS (id, matches_id, quater, time) values (100, 1, 4, '1:41');
insert into INCIDENTS (id, matches_id, quater, time) values (101, 1, 1, '1:41');
insert into INCIDENTS (id, matches_id, quater, time) values (102, 1, 1, '1:35');
insert into INCIDENTS (id, matches_id, quater, time) values (103, 1, 4, '1:12');
insert into INCIDENTS (id, matches_id, quater, time) values (104, 1, 4, '1:20');
insert into INCIDENTS (id, matches_id, quater, time) values (105, 1, 3, '1:57');
insert into INCIDENTS (id, matches_id, quater, time) values (106, 1, 3, '1:9');
insert into INCIDENTS (id, matches_id, quater, time) values (107, 1, 1, '1:35');
insert into INCIDENTS (id, matches_id, quater, time) values (108, 1, 2, '1:55');
insert into INCIDENTS (id, matches_id, quater, time) values (109, 1, 2, '1:43');
insert into INCIDENTS (id, matches_id, quater, time) values (110, 1, 3, '1:7');
insert into INCIDENTS (id, matches_id, quater, time) values (111, 1, 4, '1:57');
insert into INCIDENTS (id, matches_id, quater, time) values (112, 1, 3, '1:28');
insert into INCIDENTS (id, matches_id, quater, time) values (113, 1, 4, '1:53');
insert into INCIDENTS (id, matches_id, quater, time) values (114, 1, 2, '1:10');
insert into INCIDENTS (id, matches_id, quater, time) values (115, 1, 1, '1:59');
insert into INCIDENTS (id, matches_id, quater, time) values (116, 1, 3, '1:27');
insert into INCIDENTS (id, matches_id, quater, time) values (117, 1, 2, '1:24');
insert into INCIDENTS (id, matches_id, quater, time) values (118, 1, 4, '1:54');
insert into INCIDENTS (id, matches_id, quater, time) values (119, 1, 1, '1:27');
insert into INCIDENTS (id, matches_id, quater, time) values (120, 1, 3, '1:3');
insert into INCIDENTS (id, matches_id, quater, time) values (121, 1, 2, '1:44');
insert into INCIDENTS (id, matches_id, quater, time) values (122, 1, 2, '1:15');
insert into INCIDENTS (id, matches_id, quater, time) values (123, 1, 4, '1:37');
insert into INCIDENTS (id, matches_id, quater, time) values (124, 1, 1, '1:29');
insert into INCIDENTS (id, matches_id, quater, time) values (125, 1, 4, '1:2');
insert into INCIDENTS (id, matches_id, quater, time) values (126, 1, 3, '1:55');
insert into INCIDENTS (id, matches_id, quater, time) values (127, 1, 4, '1:5');
insert into INCIDENTS (id, matches_id, quater, time) values (128, 1, 4, '1:33');
insert into INCIDENTS (id, matches_id, quater, time) values (129, 1, 2, '1:54');
insert into INCIDENTS (id, matches_id, quater, time) values (130, 1, 2, '1:13');
insert into INCIDENTS (id, matches_id, quater, time) values (131, 1, 2, '1:1');
insert into INCIDENTS (id, matches_id, quater, time) values (132, 1, 4, '1:23');
insert into INCIDENTS (id, matches_id, quater, time) values (133, 1, 1, '1:2');
insert into INCIDENTS (id, matches_id, quater, time) values (134, 1, 1, '1:47');
insert into INCIDENTS (id, matches_id, quater, time) values (135, 1, 3, '1:13');
insert into INCIDENTS (id, matches_id, quater, time) values (136, 1, 2, '1:8');
insert into INCIDENTS (id, matches_id, quater, time) values (137, 1, 3, '1:38');
insert into INCIDENTS (id, matches_id, quater, time) values (138, 1, 3, '1:14');
insert into INCIDENTS (id, matches_id, quater, time) values (139, 1, 4, '1:58');
insert into INCIDENTS (id, matches_id, quater, time) values (140, 1, 4, '1:12');
insert into INCIDENTS (id, matches_id, quater, time) values (141, 1, 3, '1:48');
insert into INCIDENTS (id, matches_id, quater, time) values (142, 1, 4, '1:25');
insert into INCIDENTS (id, matches_id, quater, time) values (143, 1, 3, '1:29');
insert into INCIDENTS (id, matches_id, quater, time) values (144, 1, 1, '1:19');
insert into INCIDENTS (id, matches_id, quater, time) values (145, 1, 2, '1:33');
insert into INCIDENTS (id, matches_id, quater, time) values (146, 1, 4, '1:31');
insert into INCIDENTS (id, matches_id, quater, time) values (147, 1, 1, '1:2');
insert into INCIDENTS (id, matches_id, quater, time) values (148, 1, 4, '1:58');
insert into INCIDENTS (id, matches_id, quater, time) values (149, 1, 3, '1:47');
insert into INCIDENTS (id, matches_id, quater, time) values (150, 1, 4, '1:54');
insert into INCIDENTS (id, matches_id, quater, time) values (151, 1, 1, '1:21');
insert into INCIDENTS (id, matches_id, quater, time) values (152, 1, 4, '1:38');
insert into INCIDENTS (id, matches_id, quater, time) values (153, 1, 2, '1:36');
insert into INCIDENTS (id, matches_id, quater, time) values (154, 1, 1, '1:56');
insert into INCIDENTS (id, matches_id, quater, time) values (155, 1, 3, '1:41');
insert into INCIDENTS (id, matches_id, quater, time) values (156, 1, 3, '1:36');
insert into INCIDENTS (id, matches_id, quater, time) values (157, 1, 2, '1:35');
insert into INCIDENTS (id, matches_id, quater, time) values (158, 1, 4, '1:14');
insert into INCIDENTS (id, matches_id, quater, time) values (159, 1, 3, '1:26');
insert into INCIDENTS (id, matches_id, quater, time) values (160, 1, 2, '1:13');
insert into INCIDENTS (id, matches_id, quater, time) values (161, 1, 4, '1:46');
insert into INCIDENTS (id, matches_id, quater, time) values (162, 1, 1, '1:20');
insert into INCIDENTS (id, matches_id, quater, time) values (163, 1, 2, '1:58');
insert into INCIDENTS (id, matches_id, quater, time) values (164, 1, 3, '1:57');
insert into INCIDENTS (id, matches_id, quater, time) values (165, 1, 4, '1:2');
insert into INCIDENTS (id, matches_id, quater, time) values (166, 1, 4, '1:1');
insert into INCIDENTS (id, matches_id, quater, time) values (167, 1, 2, '1:41');
insert into INCIDENTS (id, matches_id, quater, time) values (168, 1, 4, '1:46');
insert into INCIDENTS (id, matches_id, quater, time) values (169, 1, 2, '1:40');
insert into INCIDENTS (id, matches_id, quater, time) values (170, 1, 1, '1:34');
insert into INCIDENTS (id, matches_id, quater, time) values (171, 1, 4, '1:40');
insert into INCIDENTS (id, matches_id, quater, time) values (172, 1, 3, '1:25');
insert into INCIDENTS (id, matches_id, quater, time) values (173, 1, 3, '1:38');
insert into INCIDENTS (id, matches_id, quater, time) values (174, 1, 2, '1:36');
insert into INCIDENTS (id, matches_id, quater, time) values (175, 1, 1, '1:20');
insert into INCIDENTS (id, matches_id, quater, time) values (176, 1, 3, '1:59');
insert into INCIDENTS (id, matches_id, quater, time) values (177, 1, 1, '1:9');
insert into INCIDENTS (id, matches_id, quater, time) values (178, 1, 1, '1:19');
insert into INCIDENTS (id, matches_id, quater, time) values (179, 1, 2, '1:31');
insert into INCIDENTS (id, matches_id, quater, time) values (180, 1, 4, '1:39');
insert into INCIDENTS (id, matches_id, quater, time) values (181, 1, 1, '1:5');
insert into INCIDENTS (id, matches_id, quater, time) values (182, 1, 4, '1:6');
insert into INCIDENTS (id, matches_id, quater, time) values (183, 1, 4, '1:28');
insert into INCIDENTS (id, matches_id, quater, time) values (184, 1, 2, '1:6');
insert into INCIDENTS (id, matches_id, quater, time) values (185, 1, 4, '1:46');
insert into INCIDENTS (id, matches_id, quater, time) values (186, 1, 1, '1:28');
insert into INCIDENTS (id, matches_id, quater, time) values (187, 1, 3, '1:41');
insert into INCIDENTS (id, matches_id, quater, time) values (188, 1, 1, '1:36');
insert into INCIDENTS (id, matches_id, quater, time) values (189, 1, 4, '1:18');
insert into INCIDENTS (id, matches_id, quater, time) values (190, 1, 1, '1:56');
insert into INCIDENTS (id, matches_id, quater, time) values (191, 1, 4, '1:47');
insert into INCIDENTS (id, matches_id, quater, time) values (192, 1, 2, '1:54');
insert into INCIDENTS (id, matches_id, quater, time) values (193, 1, 1, '1:5');
insert into INCIDENTS (id, matches_id, quater, time) values (194, 1, 4, '1:20');
insert into INCIDENTS (id, matches_id, quater, time) values (195, 1, 4, '1:57');
insert into INCIDENTS (id, matches_id, quater, time) values (196, 1, 3, '1:58');
insert into INCIDENTS (id, matches_id, quater, time) values (197, 1, 4, '1:54');
insert into INCIDENTS (id, matches_id, quater, time) values (198, 1, 1, '1:47');
insert into INCIDENTS (id, matches_id, quater, time) values (199, 1, 2, '1:16');
insert into INCIDENTS (id, matches_id, quater, time) values (200, 1, 1, '1:38');
insert into INCIDENTS (id, matches_id, quater, time) values (201, 1, 4, '1:24');
insert into INCIDENTS (id, matches_id, quater, time) values (202, 1, 1, '1:7');
insert into INCIDENTS (id, matches_id, quater, time) values (203, 1, 1, '1:57');
insert into INCIDENTS (id, matches_id, quater, time) values (204, 1, 3, '1:21');
insert into INCIDENTS (id, matches_id, quater, time) values (205, 1, 3, '1:46');
insert into INCIDENTS (id, matches_id, quater, time) values (206, 1, 3, '1:54');
insert into INCIDENTS (id, matches_id, quater, time) values (207, 1, 2, '1:58');
insert into INCIDENTS (id, matches_id, quater, time) values (208, 1, 3, '1:10');
insert into INCIDENTS (id, matches_id, quater, time) values (209, 1, 4, '1:33');
insert into INCIDENTS (id, matches_id, quater, time) values (210, 1, 2, '1:46');

insert into SHOTS (id, incidents_id, players_id, value, hit) values (1, 1, 12, 2, 1);
insert into SHOTS (id, incidents_id, players_id, value, hit) values (2, 2, 12, 2, 0);
insert into SHOTS (id, incidents_id, players_id, value, hit) values (3, 3, 12, 2, 0);
insert into SHOTS (id, incidents_id, players_id, value, hit) values (4, 4, 12, 2, 1);
insert into SHOTS (id, incidents_id, players_id, value, hit) values (5, 5, 12, 2, 0);
insert into SHOTS (id, incidents_id, players_id, value, hit) values (6, 6, 12, 2, 1);
insert into SHOTS (id, incidents_id, players_id, value, hit) values (7, 7, 12, 2, 1);
insert into SHOTS (id, incidents_id, players_id, value, hit) values (8, 8, 12, 2, 1);
insert into SHOTS (id, incidents_id, players_id, value, hit) values (9, 9, 12, 2, 0);
insert into SHOTS (id, incidents_id, players_id, value, hit) values (10, 10, 12, 2, 1);
insert into SHOTS (id, incidents_id, players_id, value, hit) values (11, 11, 12, 2, 0);
insert into SHOTS (id, incidents_id, players_id, value, hit) values (12, 12, 12, 2, 0);
insert into SHOTS (id, incidents_id, players_id, value, hit) values (13, 13, 12, 2, 0);
insert into SHOTS (id, incidents_id, players_id, value, hit) values (14, 14, 12, 2, 1);
insert into SHOTS (id, incidents_id, players_id, value, hit) values (15, 15, 12, 2, 0);
insert into SHOTS (id, incidents_id, players_id, value, hit) values (16, 16, 12, 2, 1);
insert into SHOTS (id, incidents_id, players_id, value, hit) values (17, 17, 12, 2, 1);
insert into SHOTS (id, incidents_id, players_id, value, hit) values (18, 18, 12, 2, 0);
insert into SHOTS (id, incidents_id, players_id, value, hit) values (19, 19, 12, 2, 1);
insert into SHOTS (id, incidents_id, players_id, value, hit) values (20, 20, 12, 2, 1);
insert into SHOTS (id, incidents_id, players_id, value, hit) values (21, 21, 12, 2, 1);
insert into SHOTS (id, incidents_id, players_id, value, hit) values (22, 22, 12, 2, 1);
insert into SHOTS (id, incidents_id, players_id, value, hit) values (23, 23, 12, 2, 1);
insert into SHOTS (id, incidents_id, players_id, value, hit) values (24, 24, 12, 2, 0);
insert into SHOTS (id, incidents_id, players_id, value, hit) values (25, 25, 12, 2, 0);
insert into SHOTS (id, incidents_id, players_id, value, hit) values (26, 26, 12, 2, 0);
insert into SHOTS (id, incidents_id, players_id, value, hit) values (27, 27, 12, 2, 1);
insert into SHOTS (id, incidents_id, players_id, value, hit) values (28, 28, 12, 2, 0);
insert into SHOTS (id, incidents_id, players_id, value, hit) values (29, 29, 12, 2, 1);
insert into SHOTS (id, incidents_id, players_id, value, hit) values (30, 30, 12, 2, 1);
insert into SHOTS (id, incidents_id, players_id, value, hit) values (31, 31, 15, 2, 0);
insert into SHOTS (id, incidents_id, players_id, value, hit) values (32, 32, 15, 2, 0);
insert into SHOTS (id, incidents_id, players_id, value, hit) values (33, 33, 15, 2, 0);
insert into SHOTS (id, incidents_id, players_id, value, hit) values (34, 34, 15, 2, 1);
insert into SHOTS (id, incidents_id, players_id, value, hit) values (35, 35, 15, 2, 1);
insert into SHOTS (id, incidents_id, players_id, value, hit) values (36, 36, 15, 2, 1);
insert into SHOTS (id, incidents_id, players_id, value, hit) values (37, 37, 15, 2, 1);
insert into SHOTS (id, incidents_id, players_id, value, hit) values (38, 38, 15, 2, 1);
insert into SHOTS (id, incidents_id, players_id, value, hit) values (39, 39, 15, 2, 0);
insert into SHOTS (id, incidents_id, players_id, value, hit) values (40, 40, 15, 2, 1);
insert into SHOTS (id, incidents_id, players_id, value, hit) values (41, 41, 15, 2, 0);
insert into SHOTS (id, incidents_id, players_id, value, hit) values (42, 42, 15, 2, 0);
insert into SHOTS (id, incidents_id, players_id, value, hit) values (43, 43, 15, 2, 0);
insert into SHOTS (id, incidents_id, players_id, value, hit) values (44, 44, 15, 2, 0);
insert into SHOTS (id, incidents_id, players_id, value, hit) values (45, 45, 15, 2, 0);
insert into SHOTS (id, incidents_id, players_id, value, hit) values (46, 46, 15, 2, 1);
insert into SHOTS (id, incidents_id, players_id, value, hit) values (47, 47, 15, 2, 0);
insert into SHOTS (id, incidents_id, players_id, value, hit) values (48, 48, 15, 2, 0);
insert into SHOTS (id, incidents_id, players_id, value, hit) values (49, 49, 15, 2, 1);
insert into SHOTS (id, incidents_id, players_id, value, hit) values (50, 50, 15, 2, 1);
insert into SHOTS (id, incidents_id, players_id, value, hit) values (51, 51, 15, 2, 0);
insert into SHOTS (id, incidents_id, players_id, value, hit) values (52, 52, 15, 2, 1);
insert into SHOTS (id, incidents_id, players_id, value, hit) values (53, 53, 15, 2, 1);
insert into SHOTS (id, incidents_id, players_id, value, hit) values (54, 54, 15, 2, 0);
insert into SHOTS (id, incidents_id, players_id, value, hit) values (55, 55, 15, 2, 1);
insert into SHOTS (id, incidents_id, players_id, value, hit) values (56, 56, 15, 2, 1);
insert into SHOTS (id, incidents_id, players_id, value, hit) values (57, 57, 15, 2, 0);
insert into SHOTS (id, incidents_id, players_id, value, hit) values (58, 58, 15, 2, 0);
insert into SHOTS (id, incidents_id, players_id, value, hit) values (59, 59, 15, 2, 1);
insert into SHOTS (id, incidents_id, players_id, value, hit) values (60, 60, 15, 2, 0);
insert into SHOTS (id, incidents_id, players_id, value, hit) values (61, 61, 76, 3, 1);
insert into SHOTS (id, incidents_id, players_id, value, hit) values (62, 62, 76, 3, 0);
insert into SHOTS (id, incidents_id, players_id, value, hit) values (63, 63, 76, 3, 0);
insert into SHOTS (id, incidents_id, players_id, value, hit) values (64, 64, 76, 3, 1);
insert into SHOTS (id, incidents_id, players_id, value, hit) values (65, 65, 76, 3, 0);
insert into SHOTS (id, incidents_id, players_id, value, hit) values (66, 66, 76, 3, 0);
insert into SHOTS (id, incidents_id, players_id, value, hit) values (67, 67, 76, 3, 1);
insert into SHOTS (id, incidents_id, players_id, value, hit) values (68, 68, 76, 3, 0);
insert into SHOTS (id, incidents_id, players_id, value, hit) values (69, 69, 76, 3, 0);
insert into SHOTS (id, incidents_id, players_id, value, hit) values (70, 70, 76, 3, 0);
insert into SHOTS (id, incidents_id, players_id, value, hit) values (71, 71, 76, 3, 0);
insert into SHOTS (id, incidents_id, players_id, value, hit) values (72, 72, 76, 3, 1);
insert into SHOTS (id, incidents_id, players_id, value, hit) values (73, 73, 76, 3, 0);
insert into SHOTS (id, incidents_id, players_id, value, hit) values (74, 74, 76, 3, 0);
insert into SHOTS (id, incidents_id, players_id, value, hit) values (75, 75, 76, 3, 0);
insert into SHOTS (id, incidents_id, players_id, value, hit) values (76, 76, 76, 3, 0);
insert into SHOTS (id, incidents_id, players_id, value, hit) values (77, 77, 76, 3, 0);
insert into SHOTS (id, incidents_id, players_id, value, hit) values (78, 78, 76, 3, 0);
insert into SHOTS (id, incidents_id, players_id, value, hit) values (79, 79, 76, 3, 1);
insert into SHOTS (id, incidents_id, players_id, value, hit) values (80, 80, 76, 3, 0);
insert into SHOTS (id, incidents_id, players_id, value, hit) values (81, 81, 57, 3, 1);
insert into SHOTS (id, incidents_id, players_id, value, hit) values (82, 82, 57, 3, 0);
insert into SHOTS (id, incidents_id, players_id, value, hit) values (83, 83, 57, 3, 0);
insert into SHOTS (id, incidents_id, players_id, value, hit) values (84, 84, 57, 3, 0);
insert into SHOTS (id, incidents_id, players_id, value, hit) values (85, 85, 57, 3, 1);
insert into SHOTS (id, incidents_id, players_id, value, hit) values (86, 86, 57, 3, 0);
insert into SHOTS (id, incidents_id, players_id, value, hit) values (87, 87, 57, 3, 0);
insert into SHOTS (id, incidents_id, players_id, value, hit) values (88, 88, 57, 3, 1);
insert into SHOTS (id, incidents_id, players_id, value, hit) values (89, 89, 57, 3, 0);
insert into SHOTS (id, incidents_id, players_id, value, hit) values (90, 90, 57, 3, 0);
insert into SHOTS (id, incidents_id, players_id, value, hit) values (91, 91, 57, 3, 1);
insert into SHOTS (id, incidents_id, players_id, value, hit) values (92, 92, 57, 3, 0);
insert into SHOTS (id, incidents_id, players_id, value, hit) values (93, 93, 57, 3, 0);
insert into SHOTS (id, incidents_id, players_id, value, hit) values (94, 94, 57, 3, 1);
insert into SHOTS (id, incidents_id, players_id, value, hit) values (95, 95, 57, 3, 0);
insert into SHOTS (id, incidents_id, players_id, value, hit) values (96, 96, 57, 3, 1);
insert into SHOTS (id, incidents_id, players_id, value, hit) values (97, 97, 57, 3, 0);
insert into SHOTS (id, incidents_id, players_id, value, hit) values (98, 98, 57, 3, 0);
insert into SHOTS (id, incidents_id, players_id, value, hit) values (99, 99, 57, 3, 1);
insert into SHOTS (id, incidents_id, players_id, value, hit) values (100, 100, 57, 3, 0);
insert into SHOTS (id, incidents_id, players_id, value, hit) values (101, 101, 60, 1, 1);
insert into SHOTS (id, incidents_id, players_id, value, hit) values (102, 102, 60, 1, 0);
insert into SHOTS (id, incidents_id, players_id, value, hit) values (103, 103, 60, 1, 1);
insert into SHOTS (id, incidents_id, players_id, value, hit) values (104, 104, 60, 1, 1);
insert into SHOTS (id, incidents_id, players_id, value, hit) values (105, 105, 60, 1, 1);
insert into SHOTS (id, incidents_id, players_id, value, hit) values (106, 106, 60, 1, 0);
insert into SHOTS (id, incidents_id, players_id, value, hit) values (107, 107, 60, 1, 1);
insert into SHOTS (id, incidents_id, players_id, value, hit) values (108, 108, 60, 1, 1);
insert into SHOTS (id, incidents_id, players_id, value, hit) values (109, 109, 60, 1, 0);
insert into SHOTS (id, incidents_id, players_id, value, hit) values (110, 110, 60, 1, 1);
insert into SHOTS (id, incidents_id, players_id, value, hit) values (111, 111, 60, 1, 1);
insert into SHOTS (id, incidents_id, players_id, value, hit) values (112, 112, 60, 1, 1);
insert into SHOTS (id, incidents_id, players_id, value, hit) values (113, 113, 60, 1, 1);
insert into SHOTS (id, incidents_id, players_id, value, hit) values (114, 114, 60, 1, 1);
insert into SHOTS (id, incidents_id, players_id, value, hit) values (115, 115, 60, 1, 1);
insert into SHOTS (id, incidents_id, players_id, value, hit) values (116, 116, 33, 1, 0);
insert into SHOTS (id, incidents_id, players_id, value, hit) values (117, 117, 33, 1, 1);
insert into SHOTS (id, incidents_id, players_id, value, hit) values (118, 118, 33, 1, 1);
insert into SHOTS (id, incidents_id, players_id, value, hit) values (119, 119, 33, 1, 1);
insert into SHOTS (id, incidents_id, players_id, value, hit) values (120, 120, 33, 1, 1);
insert into SHOTS (id, incidents_id, players_id, value, hit) values (121, 121, 33, 1, 1);
insert into SHOTS (id, incidents_id, players_id, value, hit) values (122, 122, 33, 1, 1);
insert into SHOTS (id, incidents_id, players_id, value, hit) values (123, 123, 33, 1, 1);
insert into SHOTS (id, incidents_id, players_id, value, hit) values (124, 124, 33, 1, 0);
insert into SHOTS (id, incidents_id, players_id, value, hit) values (125, 125, 33, 1, 1);
insert into SHOTS (id, incidents_id, players_id, value, hit) values (126, 126, 33, 1, 1);
insert into SHOTS (id, incidents_id, players_id, value, hit) values (127, 127, 33, 1, 1);
insert into SHOTS (id, incidents_id, players_id, value, hit) values (128, 128, 33, 1, 1);
insert into SHOTS (id, incidents_id, players_id, value, hit) values (129, 129, 33, 1, 1);
insert into SHOTS (id, incidents_id, players_id, value, hit) values (130, 130, 33, 1, 1);

insert into ASSISTS (id, shots_id, players_id) values (1, 1, 1);
insert into ASSISTS (id, shots_id, players_id) values (2, 2, 77);
insert into ASSISTS (id, shots_id, players_id) values (3, 3, 77);
insert into ASSISTS (id, shots_id, players_id) values (4, 4, 9);
insert into ASSISTS (id, shots_id, players_id) values (5, 5, 40);
insert into ASSISTS (id, shots_id, players_id) values (6, 6, 1);
insert into ASSISTS (id, shots_id, players_id) values (7, 7, 1);
insert into ASSISTS (id, shots_id, players_id) values (8, 8, 1);
insert into ASSISTS (id, shots_id, players_id) values (9, 9, 40);
insert into ASSISTS (id, shots_id, players_id) values (31, 31, 20);
insert into ASSISTS (id, shots_id, players_id) values (32, 32, 94);
insert into ASSISTS (id, shots_id, players_id) values (33, 33, 71);
insert into ASSISTS (id, shots_id, players_id) values (34, 34, 71);
insert into ASSISTS (id, shots_id, players_id) values (35, 35, 71);
insert into ASSISTS (id, shots_id, players_id) values (36, 36, 20);
insert into ASSISTS (id, shots_id, players_id) values (37, 37, 20);
insert into ASSISTS (id, shots_id, players_id) values (38, 38, 15);
insert into ASSISTS (id, shots_id, players_id) values (39, 39, 71);
insert into ASSISTS (id, shots_id, players_id) values (61, 61, 42);
insert into ASSISTS (id, shots_id, players_id) values (62, 62, 42);
insert into ASSISTS (id, shots_id, players_id) values (63, 63, 42);
insert into ASSISTS (id, shots_id, players_id) values (64, 64, 42);
insert into ASSISTS (id, shots_id, players_id) values (65, 65, 42);
insert into ASSISTS (id, shots_id, players_id) values (66, 66, 42);
insert into ASSISTS (id, shots_id, players_id) values (67, 67, 1);
insert into ASSISTS (id, shots_id, players_id) values (68, 68, 1);
insert into ASSISTS (id, shots_id, players_id) values (69, 69, 42);
insert into ASSISTS (id, shots_id, players_id) values (91, 91, 94);
insert into ASSISTS (id, shots_id, players_id) values (92, 92, 93);
insert into ASSISTS (id, shots_id, players_id) values (93, 93, 94);
insert into ASSISTS (id, shots_id, players_id) values (94, 94, 93);
insert into ASSISTS (id, shots_id, players_id) values (95, 95, 93);
insert into ASSISTS (id, shots_id, players_id) values (96, 96, 93);
insert into ASSISTS (id, shots_id, players_id) values (97, 97, 15);
insert into ASSISTS (id, shots_id, players_id) values (98, 98, 33);
insert into ASSISTS (id, shots_id, players_id) values (99, 99, 15);
insert into ASSISTS (id, shots_id, players_id) values (100, 100, 33);

insert into BLOCKS (id, shots_id, players_id) values (1, 13, 93);
insert into BLOCKS (id, shots_id, players_id) values (2, 27, 93);
insert into BLOCKS (id, shots_id, players_id) values (3, 29, 94);
insert into BLOCKS (id, shots_id, players_id) values (4, 48, 77);
insert into BLOCKS (id, shots_id, players_id) values (5, 53, 1);
insert into BLOCKS (id, shots_id, players_id) values (6, 58, 1);

insert into REBOUNDS (id, shots_id, players_id) values (10, 10, 33);
insert into REBOUNDS (id, shots_id, players_id) values (11, 11, 12);
insert into REBOUNDS (id, shots_id, players_id) values (12, 12, 42);
insert into REBOUNDS (id, shots_id, players_id) values (13, 13, 75);
insert into REBOUNDS (id, shots_id, players_id) values (14, 14, 75);
insert into REBOUNDS (id, shots_id, players_id) values (15, 15, 16);
insert into REBOUNDS (id, shots_id, players_id) values (16, 16, 42);
insert into REBOUNDS (id, shots_id, players_id) values (17, 17, 33);
insert into REBOUNDS (id, shots_id, players_id) values (18, 18, 1);
insert into REBOUNDS (id, shots_id, players_id) values (19, 19, 33);
insert into REBOUNDS (id, shots_id, players_id) values (20, 20, 94);
insert into REBOUNDS (id, shots_id, players_id) values (21, 21, 94);
insert into REBOUNDS (id, shots_id, players_id) values (22, 22, 94);
insert into REBOUNDS (id, shots_id, players_id) values (23, 23, 12);
insert into REBOUNDS (id, shots_id, players_id) values (24, 24, 16);
insert into REBOUNDS (id, shots_id, players_id) values (25, 25, 33);
insert into REBOUNDS (id, shots_id, players_id) values (26, 26, 33);
insert into REBOUNDS (id, shots_id, players_id) values (27, 27, 75);
insert into REBOUNDS (id, shots_id, players_id) values (28, 28, 94);
insert into REBOUNDS (id, shots_id, players_id) values (29, 29, 94);
insert into REBOUNDS (id, shots_id, players_id) values (30, 30, 1);
insert into REBOUNDS (id, shots_id, players_id) values (40, 40, 12);
insert into REBOUNDS (id, shots_id, players_id) values (41, 41, 1);
insert into REBOUNDS (id, shots_id, players_id) values (42, 42, 42);
insert into REBOUNDS (id, shots_id, players_id) values (43, 43, 1);
insert into REBOUNDS (id, shots_id, players_id) values (44, 44, 94);
insert into REBOUNDS (id, shots_id, players_id) values (45, 45, 94);
insert into REBOUNDS (id, shots_id, players_id) values (46, 46, 76);
insert into REBOUNDS (id, shots_id, players_id) values (47, 47, 16);
insert into REBOUNDS (id, shots_id, players_id) values (48, 48, 33);
insert into REBOUNDS (id, shots_id, players_id) values (49, 49, 16);
insert into REBOUNDS (id, shots_id, players_id) values (50, 50, 42);
insert into REBOUNDS (id, shots_id, players_id) values (51, 51, 94);
insert into REBOUNDS (id, shots_id, players_id) values (52, 52, 76);
insert into REBOUNDS (id, shots_id, players_id) values (53, 53, 1);
insert into REBOUNDS (id, shots_id, players_id) values (54, 54, 94);
insert into REBOUNDS (id, shots_id, players_id) values (55, 55, 76);
insert into REBOUNDS (id, shots_id, players_id) values (56, 56, 16);
insert into REBOUNDS (id, shots_id, players_id) values (57, 57, 33);
insert into REBOUNDS (id, shots_id, players_id) values (58, 58, 12);
insert into REBOUNDS (id, shots_id, players_id) values (59, 59, 42);
insert into REBOUNDS (id, shots_id, players_id) values (60, 60, 33);
insert into REBOUNDS (id, shots_id, players_id) values (70, 70, 94);
insert into REBOUNDS (id, shots_id, players_id) values (71, 71, 1);
insert into REBOUNDS (id, shots_id, players_id) values (72, 72, 12);
insert into REBOUNDS (id, shots_id, players_id) values (73, 73, 33);
insert into REBOUNDS (id, shots_id, players_id) values (74, 74, 42);
insert into REBOUNDS (id, shots_id, players_id) values (75, 75, 75);
insert into REBOUNDS (id, shots_id, players_id) values (76, 76, 1);
insert into REBOUNDS (id, shots_id, players_id) values (77, 77, 12);
insert into REBOUNDS (id, shots_id, players_id) values (78, 78, 42);
insert into REBOUNDS (id, shots_id, players_id) values (79, 79, 94);
insert into REBOUNDS (id, shots_id, players_id) values (80, 80, 1);
insert into REBOUNDS (id, shots_id, players_id) values (81, 81, 33);
insert into REBOUNDS (id, shots_id, players_id) values (82, 82, 1);
insert into REBOUNDS (id, shots_id, players_id) values (83, 83, 76);
insert into REBOUNDS (id, shots_id, players_id) values (84, 84, 76);
insert into REBOUNDS (id, shots_id, players_id) values (85, 85, 42);
insert into REBOUNDS (id, shots_id, players_id) values (86, 86, 42);
insert into REBOUNDS (id, shots_id, players_id) values (87, 87, 75);
insert into REBOUNDS (id, shots_id, players_id) values (88, 88, 33);
insert into REBOUNDS (id, shots_id, players_id) values (89, 89, 16);
insert into REBOUNDS (id, shots_id, players_id) values (90, 90, 33);
insert into REBOUNDS (id, shots_id, players_id) values (101, 101, 33);
insert into REBOUNDS (id, shots_id, players_id) values (102, 102, 1);
insert into REBOUNDS (id, shots_id, players_id) values (103, 103, 1);
insert into REBOUNDS (id, shots_id, players_id) values (104, 104, 33);
insert into REBOUNDS (id, shots_id, players_id) values (111, 111, 12);
insert into REBOUNDS (id, shots_id, players_id) values (112, 112, 1);
insert into REBOUNDS (id, shots_id, players_id) values (113, 113, 1);
insert into REBOUNDS (id, shots_id, players_id) values (114, 114, 12);
insert into REBOUNDS (id, shots_id, players_id) values (115, 115, 76);
insert into REBOUNDS (id, shots_id, players_id) values (116, 116, 1);
insert into REBOUNDS (id, shots_id, players_id) values (117, 117, 33);
insert into REBOUNDS (id, shots_id, players_id) values (118, 118, 94);
insert into REBOUNDS (id, shots_id, players_id) values (119, 119, 12);
insert into REBOUNDS (id, shots_id, players_id) values (120, 120, 94);
insert into REBOUNDS (id, shots_id, players_id) values (121, 121, 33);

insert into TURNOVERS (id, incidents_id, players_id) values (1, 131, 40);
insert into TURNOVERS (id, incidents_id, players_id) values (2, 132, 0);
insert into TURNOVERS (id, incidents_id, players_id) values (3, 133, 77);
insert into TURNOVERS (id, incidents_id, players_id) values (4, 134, 77);
insert into TURNOVERS (id, incidents_id, players_id) values (5, 135, 0);
insert into TURNOVERS (id, incidents_id, players_id) values (6, 136, 40);
insert into TURNOVERS (id, incidents_id, players_id) values (7, 137, 12);
insert into TURNOVERS (id, incidents_id, players_id) values (8, 138, 30);
insert into TURNOVERS (id, incidents_id, players_id) values (9, 139, 30);
insert into TURNOVERS (id, incidents_id, players_id) values (10, 140, 40);
insert into TURNOVERS (id, incidents_id, players_id) values (11, 141, 77);
insert into TURNOVERS (id, incidents_id, players_id) values (12, 142, 77);
insert into TURNOVERS (id, incidents_id, players_id) values (13, 143, 40);
insert into TURNOVERS (id, incidents_id, players_id) values (14, 144, 0);
insert into TURNOVERS (id, incidents_id, players_id) values (15, 145, 30);
insert into TURNOVERS (id, incidents_id, players_id) values (16, 146, 40);
insert into TURNOVERS (id, incidents_id, players_id) values (17, 147, 77);
insert into TURNOVERS (id, incidents_id, players_id) values (18, 148, 40);
insert into TURNOVERS (id, incidents_id, players_id) values (19, 149, 30);
insert into TURNOVERS (id, incidents_id, players_id) values (20, 150, 30);			
insert into TURNOVERS (id, incidents_id, players_id) values (21, 151, 94);
insert into TURNOVERS (id, incidents_id, players_id) values (22, 152, 94);
insert into TURNOVERS (id, incidents_id, players_id) values (23, 153, 6);
insert into TURNOVERS (id, incidents_id, players_id) values (24, 154, 93);
insert into TURNOVERS (id, incidents_id, players_id) values (25, 155, 75);
insert into TURNOVERS (id, incidents_id, players_id) values (26, 156, 75);
insert into TURNOVERS (id, incidents_id, players_id) values (27, 157, 94);
insert into TURNOVERS (id, incidents_id, players_id) values (28, 158, 33);
insert into TURNOVERS (id, incidents_id, players_id) values (29, 159, 6);
insert into TURNOVERS (id, incidents_id, players_id) values (30, 160, 93);
insert into TURNOVERS (id, incidents_id, players_id) values (31, 161, 93);
insert into TURNOVERS (id, incidents_id, players_id) values (32, 162, 6);
insert into TURNOVERS (id, incidents_id, players_id) values (33, 163, 33);
insert into TURNOVERS (id, incidents_id, players_id) values (34, 164, 33);
insert into TURNOVERS (id, incidents_id, players_id) values (35, 165, 93);
insert into TURNOVERS (id, incidents_id, players_id) values (36, 166, 93);
insert into TURNOVERS (id, incidents_id, players_id) values (37, 167, 33);
insert into TURNOVERS (id, incidents_id, players_id) values (38, 168, 75);
insert into TURNOVERS (id, incidents_id, players_id) values (39, 169, 93);
insert into TURNOVERS (id, incidents_id, players_id) values (40, 170, 75);
	
insert into STEALS (id, turnovers_id, players_id) values (1, 11, 33);
insert into STEALS (id, turnovers_id, players_id) values (2, 12, 57);
insert into STEALS (id, turnovers_id, players_id) values (3, 13, 94);
insert into STEALS (id, turnovers_id, players_id) values (4, 14, 33);
insert into STEALS (id, turnovers_id, players_id) values (5, 15, 93);
insert into STEALS (id, turnovers_id, players_id) values (6, 16, 75);
insert into STEALS (id, turnovers_id, players_id) values (7, 17, 93);
insert into STEALS (id, turnovers_id, players_id) values (8, 18, 71);
insert into STEALS (id, turnovers_id, players_id) values (9, 19, 93);
insert into STEALS (id, turnovers_id, players_id) values (10, 20, 15);
insert into STEALS (id, turnovers_id, players_id) values (11, 31, 1);
insert into STEALS (id, turnovers_id, players_id) values (12, 32, 77);
insert into STEALS (id, turnovers_id, players_id) values (13, 33, 76);
insert into STEALS (id, turnovers_id, players_id) values (14, 34, 1);
insert into STEALS (id, turnovers_id, players_id) values (15, 35, 1);
insert into STEALS (id, turnovers_id, players_id) values (16, 36, 60);
insert into STEALS (id, turnovers_id, players_id) values (17, 37, 1);
insert into STEALS (id, turnovers_id, players_id) values (18, 38, 40);
insert into STEALS (id, turnovers_id, players_id) values (19, 39, 42);
insert into STEALS (id, turnovers_id, players_id) values (20, 40, 60);	

insert into TIMEOUTS (id, incidents_id, teams_id) values (1, 171, 1);
insert into TIMEOUTS (id, incidents_id, teams_id) values (2, 172, 3);
insert into TIMEOUTS (id, incidents_id, teams_id) values (3, 173, 1);
insert into TIMEOUTS (id, incidents_id, teams_id) values (4, 174, 3);
insert into TIMEOUTS (id, incidents_id, teams_id) values (5, 175, 1);
insert into TIMEOUTS (id, incidents_id, teams_id) values (6, 176, 3);
insert into TIMEOUTS (id, incidents_id, teams_id) values (7, 177, 1);
insert into TIMEOUTS (id, incidents_id, teams_id) values (8, 178, 1);
insert into TIMEOUTS (id, incidents_id, teams_id) values (9, 179, 3);
insert into TIMEOUTS (id, incidents_id, teams_id) values (10, 180, 1);

insert into FOULS (id, incidents_id, players_id, players_id1) values (1, 181, 9, 15);
insert into FOULS (id, incidents_id, players_id, players_id1) values (2, 182, 7, 93);
insert into FOULS (id, incidents_id, players_id, players_id1) values (3, 183, 1, 93);
insert into FOULS (id, incidents_id, players_id, players_id1) values (4, 184, 0, 57);
insert into FOULS (id, incidents_id, players_id, players_id1) values (5, 185, 7, 33);
insert into FOULS (id, incidents_id, players_id, players_id1) values (6, 186, 0, 20);
insert into FOULS (id, incidents_id, players_id, players_id1) values (7, 187, 77, 15);
insert into FOULS (id, incidents_id, players_id, players_id1) values (8, 188, 0, 93);
insert into FOULS (id, incidents_id, players_id, players_id1) values (9, 189, 9, 57);
insert into FOULS (id, incidents_id, players_id, players_id1) values (10, 190, 9, 93);
insert into FOULS (id, incidents_id, players_id, players_id1) values (11, 191, 0, 15);
insert into FOULS (id, incidents_id, players_id, players_id1) values (12, 192, 7, 93);
insert into FOULS (id, incidents_id, players_id, players_id1) values (13, 193, 40, 33);
insert into FOULS (id, incidents_id, players_id, players_id1) values (14, 194, 9, 6);
insert into FOULS (id, incidents_id, players_id, players_id1) values (15, 195, 1, 94);
insert into FOULS (id, incidents_id, players_id, players_id1) values (16, 196, 20, 7);
insert into FOULS (id, incidents_id, players_id, players_id1) values (17, 197, 33, 9);
insert into FOULS (id, incidents_id, players_id, players_id1) values (18, 198, 20, 0);
insert into FOULS (id, incidents_id, players_id, players_id1) values (19, 199, 33, 1);
insert into FOULS (id, incidents_id, players_id, players_id1) values (20, 200, 93, 1);
insert into FOULS (id, incidents_id, players_id, players_id1) values (21, 201, 15, 40);
insert into FOULS (id, incidents_id, players_id, players_id1) values (22, 202, 57, 77);
insert into FOULS (id, incidents_id, players_id, players_id1) values (23, 203, 93, 40);
insert into FOULS (id, incidents_id, players_id, players_id1) values (24, 204, 93, 7);
insert into FOULS (id, incidents_id, players_id, players_id1) values (25, 205, 20, 40);
insert into FOULS (id, incidents_id, players_id, players_id1) values (26, 206, 20, 77);
insert into FOULS (id, incidents_id, players_id, players_id1) values (27, 207, 6, 0);
insert into FOULS (id, incidents_id, players_id, players_id1) values (28, 208, 33, 12);
insert into FOULS (id, incidents_id, players_id, players_id1) values (29, 209, 33, 40);
insert into FOULS (id, incidents_id, players_id, players_id1) values (30, 210, 6, 0);